{
  "type": "FeatureCollection",
  "bbox": [
    -4.6330713,
    54.155693,
    -4.3761423,
    54.3230571
  ],
  "metadata": {
    "schemaVersion": 1,
    "trackId": "im-tt-course-92e7b8f5",
    "layoutId": "tt-course",
    "license": "ODbL-1.0",
    "attribution": "© OpenStreetMap contributors",
    "closed": true,
    "geometryStatus": "draft",
    "timingStatus": "missing",
    "timingMode": "shared",
    "lengthM": 60672.4,
    "reviewedAt": null,
    "notes": [
      "Draft configuration: The official Mountain Course map identifies the full loop through Quarterbridge, Ballacraine, Kirk Michael, Ballaugh, Ramsey, the Mountain Road and the old Governor's Bridge dip. Independent circuit relation 188240 supplies that named road corridor. Its omitted short junction connection to the dip is supplied by the existing public way 38554715 node slice 8 to 6. The short direct junction arcs follow the course corridor rather than detouring around the public-traffic roundabouts. Exact mapped road coordinates are preserved, measuring 60672.4 m against the catalogue scalar of 60583 m. Local junction geometry, temporary race arrangements and historical alignment remain draft rather than a certified racing line. Branch identity was checked against catalogue layout facts and circuit identification references. Independent source distance 60672.4 m; no coordinates are changed to match a diagram or distance. Travel direction and historical alignment remain provisional."
    ]
  },
  "features": [
    {
      "type": "Feature",
      "id": "trace",
      "properties": {
        "role": "trace",
        "sourceIds": [
          "osm-selection-tt-neighborhood-25986145"
        ]
      },
      "geometry": {
        "type": "LineString",
        "coordinates": [
          [
            -4.5659343,
            54.1838027
          ],
          [
            -4.5660982,
            54.1838775
          ],
          [
            -4.5661084,
            54.1838822
          ],
          [
            -4.5662549,
            54.1839502
          ],
          [
            -4.5663525,
            54.1839961
          ],
          [
            -4.5663892,
            54.184015
          ],
          [
            -4.5664565,
            54.1840458
          ],
          [
            -4.5667985,
            54.1842005
          ],
          [
            -4.5669162,
            54.1842574
          ],
          [
            -4.5672005,
            54.1843804
          ],
          [
            -4.5674537,
            54.1844872
          ],
          [
            -4.5679146,
            54.1846671
          ],
          [
            -4.5683706,
            54.1848376
          ],
          [
            -4.5688105,
            54.1850118
          ],
          [
            -4.5696854,
            54.1853586
          ],
          [
            -4.5700915,
            54.1855226
          ],
          [
            -4.5711547,
            54.1859724
          ],
          [
            -4.5712521,
            54.1860119
          ],
          [
            -4.5721623,
            54.1863806
          ],
          [
            -4.5732522,
            54.1868167
          ],
          [
            -4.5742685,
            54.1872374
          ],
          [
            -4.5751378,
            54.1875842
          ],
          [
            -4.5759237,
            54.1879138
          ],
          [
            -4.5767444,
            54.1882936
          ],
          [
            -4.5771414,
            54.1884913
          ],
          [
            -4.5775229,
            54.1886551
          ],
          [
            -4.5779595,
            54.1888319
          ],
          [
            -4.5783833,
            54.1889841
          ],
          [
            -4.5788586,
            54.1891495
          ],
          [
            -4.5794359,
            54.1893541
          ],
          [
            -4.5800174,
            54.18957
          ],
          [
            -4.5804647,
            54.18975
          ],
          [
            -4.5808837,
            54.1899169
          ],
          [
            -4.5813793,
            54.1901078
          ],
          [
            -4.5816964,
            54.1902373
          ],
          [
            -4.582141,
            54.1904044
          ],
          [
            -4.5824689,
            54.1905352
          ],
          [
            -4.5828787,
            54.1907167
          ],
          [
            -4.583185,
            54.1908554
          ],
          [
            -4.5833121,
            54.1909172
          ],
          [
            -4.5836028,
            54.1910541
          ],
          [
            -4.5838689,
            54.1911975
          ],
          [
            -4.5842681,
            54.1914167
          ],
          [
            -4.5847535,
            54.1916928
          ],
          [
            -4.5850217,
            54.1918262
          ],
          [
            -4.5852691,
            54.1919539
          ],
          [
            -4.5855394,
            54.1920757
          ],
          [
            -4.5856735,
            54.1921197
          ],
          [
            -4.5858136,
            54.192161
          ],
          [
            -4.5870253,
            54.1924429
          ],
          [
            -4.5875033,
            54.1925373
          ],
          [
            -4.5876798,
            54.192581
          ],
          [
            -4.58819,
            54.1926742
          ],
          [
            -4.588396,
            54.1927003
          ],
          [
            -4.5885333,
            54.1927102
          ],
          [
            -4.5887259,
            54.1927144
          ],
          [
            -4.5888657,
            54.1927085
          ],
          [
            -4.5889753,
            54.1926925
          ],
          [
            -4.5890805,
            54.192671
          ],
          [
            -4.589236,
            54.1926463
          ],
          [
            -4.5892918,
            54.1926375
          ],
          [
            -4.5894507,
            54.1926208
          ],
          [
            -4.5895922,
            54.1926171
          ],
          [
            -4.5898014,
            54.1926171
          ],
          [
            -4.5900407,
            54.1926255
          ],
          [
            -4.5903432,
            54.1926517
          ],
          [
            -4.5905256,
            54.1926768
          ],
          [
            -4.5907274,
            54.1927134
          ],
          [
            -4.5911211,
            54.1928023
          ],
          [
            -4.5914677,
            54.192886
          ],
          [
            -4.5921779,
            54.1930659
          ],
          [
            -4.5927739,
            54.193192
          ],
          [
            -4.592953,
            54.1932323
          ],
          [
            -4.5931381,
            54.1932652
          ],
          [
            -4.5933768,
            54.1932997
          ],
          [
            -4.5936054,
            54.1933333
          ],
          [
            -4.5940608,
            54.1933955
          ],
          [
            -4.594368,
            54.1934387
          ],
          [
            -4.5948145,
            54.193499
          ],
          [
            -4.5950458,
            54.1935372
          ],
          [
            -4.5953241,
            54.1935869
          ],
          [
            -4.5956245,
            54.1936465
          ],
          [
            -4.5959335,
            54.1937114
          ],
          [
            -4.5962146,
            54.1937611
          ],
          [
            -4.5963594,
            54.1937815
          ],
          [
            -4.5964807,
            54.1937946
          ],
          [
            -4.5966384,
            54.1938082
          ],
          [
            -4.596875,
            54.1938103
          ],
          [
            -4.5975101,
            54.193805
          ],
          [
            -4.5978293,
            54.193805
          ],
          [
            -4.5979935,
            54.1938087
          ],
          [
            -4.598178,
            54.1938145
          ],
          [
            -4.5983335,
            54.1938239
          ],
          [
            -4.5984924,
            54.1938417
          ],
          [
            -4.598693,
            54.1938757
          ],
          [
            -4.5989102,
            54.1939165
          ],
          [
            -4.5991382,
            54.1939714
          ],
          [
            -4.5993373,
            54.1940284
          ],
          [
            -4.600364,
            54.1942931
          ],
          [
            -4.6008655,
            54.194417
          ],
          [
            -4.6010855,
            54.1944876
          ],
          [
            -4.6012813,
            54.194552
          ],
          [
            -4.6014455,
            54.1946215
          ],
          [
            -4.6016112,
            54.1946963
          ],
          [
            -4.6020269,
            54.194927
          ],
          [
            -4.6022442,
            54.1950416
          ],
          [
            -4.6024218,
            54.1951473
          ],
          [
            -4.6025902,
            54.1952283
          ],
          [
            -4.6028048,
            54.1953334
          ],
          [
            -4.6031159,
            54.1954809
          ],
          [
            -4.6035209,
            54.1956708
          ],
          [
            -4.6038756,
            54.1958252
          ],
          [
            -4.6041325,
            54.1959564
          ],
          [
            -4.6042693,
            54.1960317
          ],
          [
            -4.6047252,
            54.1963047
          ],
          [
            -4.6049559,
            54.1964255
          ],
          [
            -4.6051899,
            54.1965611
          ],
          [
            -4.6054226,
            54.1966797
          ],
          [
            -4.6055648,
            54.1967378
          ],
          [
            -4.6056566,
            54.1967666
          ],
          [
            -4.605751,
            54.1967931
          ],
          [
            -4.6058942,
            54.1968296
          ],
          [
            -4.6059382,
            54.1968357
          ],
          [
            -4.6061066,
            54.1968602
          ],
          [
            -4.6062198,
            54.1968685
          ],
          [
            -4.6069247,
            54.196912
          ],
          [
            -4.607449,
            54.1969447
          ],
          [
            -4.6075976,
            54.196954
          ],
          [
            -4.608061,
            54.1969823
          ],
          [
            -4.6081933,
            54.1969904
          ],
          [
            -4.6087281,
            54.1970345
          ],
          [
            -4.6091938,
            54.1970752
          ],
          [
            -4.6097817,
            54.1971334
          ],
          [
            -4.6100571,
            54.1971575
          ],
          [
            -4.6103901,
            54.1971866
          ],
          [
            -4.6109646,
            54.1972467
          ],
          [
            -4.6117204,
            54.1973246
          ],
          [
            -4.6119963,
            54.1973457
          ],
          [
            -4.6121176,
            54.1973545
          ],
          [
            -4.6123568,
            54.1973676
          ],
          [
            -4.6127086,
            54.1973878
          ],
          [
            -4.6133029,
            54.1974219
          ],
          [
            -4.6139064,
            54.1974502
          ],
          [
            -4.6141532,
            54.1974643
          ],
          [
            -4.614347,
            54.1974805
          ],
          [
            -4.614518,
            54.1974988
          ],
          [
            -4.6149606,
            54.1975663
          ],
          [
            -4.6152663,
            54.1976196
          ],
          [
            -4.6155472,
            54.1976923
          ],
          [
            -4.6162593,
            54.1978144
          ],
          [
            -4.616623,
            54.1978786
          ],
          [
            -4.6168615,
            54.1979207
          ],
          [
            -4.617386,
            54.1980066
          ],
          [
            -4.6179049,
            54.1981058
          ],
          [
            -4.6180856,
            54.1981404
          ],
          [
            -4.6182939,
            54.1981911
          ],
          [
            -4.6184369,
            54.198233
          ],
          [
            -4.6186043,
            54.1982868
          ],
          [
            -4.618781,
            54.1983491
          ],
          [
            -4.6191293,
            54.1985076
          ],
          [
            -4.6195502,
            54.1986952
          ],
          [
            -4.620243,
            54.199005
          ],
          [
            -4.6208713,
            54.1993014
          ],
          [
            -4.6214961,
            54.1995978
          ],
          [
            -4.6216833,
            54.1996827
          ],
          [
            -4.6230587,
            54.2002781
          ],
          [
            -4.623608,
            54.2005333
          ],
          [
            -4.6241265,
            54.2007692
          ],
          [
            -4.6245757,
            54.2009574
          ],
          [
            -4.6260057,
            54.201501
          ],
          [
            -4.6275723,
            54.2021242
          ],
          [
            -4.6280384,
            54.2023118
          ],
          [
            -4.6286184,
            54.2025572
          ],
          [
            -4.6287844,
            54.2026223
          ],
          [
            -4.6289027,
            54.2026686
          ],
          [
            -4.6290883,
            54.2027398
          ],
          [
            -4.6291253,
            54.2027941
          ],
          [
            -4.6291436,
            54.2028525
          ],
          [
            -4.6291464,
            54.2028871
          ],
          [
            -4.6291505,
            54.2029372
          ],
          [
            -4.6291504,
            54.2029864
          ],
          [
            -4.6291502,
            54.2031016
          ],
          [
            -4.629158,
            54.2033108
          ],
          [
            -4.6291703,
            54.2036158
          ],
          [
            -4.6291778,
            54.2038036
          ],
          [
            -4.6291834,
            54.2041278
          ],
          [
            -4.6292612,
            54.2051087
          ],
          [
            -4.6292714,
            54.2052414
          ],
          [
            -4.6293073,
            54.2053651
          ],
          [
            -4.6293894,
            54.205491
          ],
          [
            -4.6297755,
            54.2058698
          ],
          [
            -4.6304266,
            54.2066838
          ],
          [
            -4.6305247,
            54.2068257
          ],
          [
            -4.6305908,
            54.2069786
          ],
          [
            -4.6306828,
            54.2072832
          ],
          [
            -4.6307103,
            54.2074029
          ],
          [
            -4.6307404,
            54.2075741
          ],
          [
            -4.6307509,
            54.2077318
          ],
          [
            -4.6307343,
            54.2078919
          ],
          [
            -4.6306606,
            54.2082335
          ],
          [
            -4.6305728,
            54.2088083
          ],
          [
            -4.6304154,
            54.2098562
          ],
          [
            -4.6303772,
            54.2101046
          ],
          [
            -4.6303684,
            54.210164
          ],
          [
            -4.6303577,
            54.2102318
          ],
          [
            -4.6303456,
            54.210354
          ],
          [
            -4.6303136,
            54.2105174
          ],
          [
            -4.6302579,
            54.2106986
          ],
          [
            -4.6301384,
            54.2110488
          ],
          [
            -4.6300995,
            54.2112476
          ],
          [
            -4.6300692,
            54.2114538
          ],
          [
            -4.6301059,
            54.2116428
          ],
          [
            -4.630194,
            54.2118425
          ],
          [
            -4.6303908,
            54.2121716
          ],
          [
            -4.630579,
            54.2124404
          ],
          [
            -4.6307232,
            54.2125916
          ],
          [
            -4.6308162,
            54.2126712
          ],
          [
            -4.6309086,
            54.2127502
          ],
          [
            -4.6311068,
            54.2129205
          ],
          [
            -4.631463,
            54.2132021
          ],
          [
            -4.6316051,
            54.2133145
          ],
          [
            -4.6319437,
            54.2135784
          ],
          [
            -4.6323282,
            54.2139379
          ],
          [
            -4.6326325,
            54.2143
          ],
          [
            -4.6328796,
            54.2146397
          ],
          [
            -4.6329991,
            54.2148738
          ],
          [
            -4.6330713,
            54.2150952
          ],
          [
            -4.6330595,
            54.2152683
          ],
          [
            -4.6330372,
            54.2154261
          ],
          [
            -4.6330105,
            54.2155643
          ],
          [
            -4.6329833,
            54.2156509
          ],
          [
            -4.632969,
            54.2156963
          ],
          [
            -4.6329345,
            54.2158014
          ],
          [
            -4.6328559,
            54.2159382
          ],
          [
            -4.632752,
            54.2160582
          ],
          [
            -4.6325824,
            54.2162424
          ],
          [
            -4.6325052,
            54.2163458
          ],
          [
            -4.6324545,
            54.2164351
          ],
          [
            -4.6324399,
            54.2165268
          ],
          [
            -4.6324453,
            54.2166232
          ],
          [
            -4.6324713,
            54.2167412
          ],
          [
            -4.6325324,
            54.2169433
          ],
          [
            -4.6325916,
            54.2171225
          ],
          [
            -4.6326546,
            54.2172774
          ],
          [
            -4.6327227,
            54.2174264
          ],
          [
            -4.6328182,
            54.2175958
          ],
          [
            -4.6329,
            54.2177744
          ],
          [
            -4.6329541,
            54.2178986
          ],
          [
            -4.6329785,
            54.2180082
          ],
          [
            -4.6329718,
            54.2180991
          ],
          [
            -4.6329517,
            54.2181807
          ],
          [
            -4.6328934,
            54.2182662
          ],
          [
            -4.6328004,
            54.2183539
          ],
          [
            -4.6326668,
            54.2184507
          ],
          [
            -4.6324646,
            54.2185566
          ],
          [
            -4.6322729,
            54.2186481
          ],
          [
            -4.6320464,
            54.218746
          ],
          [
            -4.6318974,
            54.2188042
          ],
          [
            -4.6317274,
            54.2188587
          ],
          [
            -4.6315271,
            54.2189131
          ],
          [
            -4.6312695,
            54.2189867
          ],
          [
            -4.6309946,
            54.2190676
          ],
          [
            -4.6307665,
            54.2191508
          ],
          [
            -4.6304724,
            54.2192686
          ],
          [
            -4.6299232,
            54.2195263
          ],
          [
            -4.6298306,
            54.2195704
          ],
          [
            -4.6291697,
            54.219885
          ],
          [
            -4.6289525,
            54.2199847
          ],
          [
            -4.6287127,
            54.2200675
          ],
          [
            -4.6284348,
            54.2201457
          ],
          [
            -4.6281703,
            54.220213
          ],
          [
            -4.6274808,
            54.2204
          ],
          [
            -4.6273851,
            54.2204259
          ],
          [
            -4.6270368,
            54.220532
          ],
          [
            -4.6269569,
            54.2205558
          ],
          [
            -4.6268032,
            54.2206017
          ],
          [
            -4.6265987,
            54.220678
          ],
          [
            -4.6264181,
            54.2207611
          ],
          [
            -4.6262465,
            54.2208534
          ],
          [
            -4.6261037,
            54.2209438
          ],
          [
            -4.6259868,
            54.2210221
          ],
          [
            -4.6258827,
            54.2211051
          ],
          [
            -4.6257872,
            54.2211904
          ],
          [
            -4.6257074,
            54.2212773
          ],
          [
            -4.6256193,
            54.2213748
          ],
          [
            -4.6253445,
            54.2216796
          ],
          [
            -4.6252414,
            54.2217609
          ],
          [
            -4.6251283,
            54.221831
          ],
          [
            -4.6249812,
            54.221909
          ],
          [
            -4.6248394,
            54.2219729
          ],
          [
            -4.6246231,
            54.2220514
          ],
          [
            -4.6244051,
            54.2221239
          ],
          [
            -4.6241641,
            54.2222039
          ],
          [
            -4.6239267,
            54.2222748
          ],
          [
            -4.6237015,
            54.2223377
          ],
          [
            -4.6234615,
            54.2223834
          ],
          [
            -4.6230932,
            54.2224278
          ],
          [
            -4.6226883,
            54.2224693
          ],
          [
            -4.622257,
            54.222526
          ],
          [
            -4.6220883,
            54.2225499
          ],
          [
            -4.6216449,
            54.2226306
          ],
          [
            -4.6212509,
            54.2227191
          ],
          [
            -4.6206791,
            54.2228439
          ],
          [
            -4.6202188,
            54.2229653
          ],
          [
            -4.6200631,
            54.2230111
          ],
          [
            -4.6199216,
            54.2230626
          ],
          [
            -4.61973,
            54.2231468
          ],
          [
            -4.6193334,
            54.2233546
          ],
          [
            -4.6188666,
            54.2236148
          ],
          [
            -4.618243,
            54.2239771
          ],
          [
            -4.6180914,
            54.2240948
          ],
          [
            -4.6180112,
            54.2241763
          ],
          [
            -4.6179643,
            54.2242499
          ],
          [
            -4.6178299,
            54.2244861
          ],
          [
            -4.6177589,
            54.2246903
          ],
          [
            -4.6177159,
            54.2249036
          ],
          [
            -4.6176907,
            54.2249995
          ],
          [
            -4.6176804,
            54.225089
          ],
          [
            -4.6176252,
            54.2252508
          ],
          [
            -4.6175444,
            54.2253818
          ],
          [
            -4.617408,
            54.2255591
          ],
          [
            -4.6172799,
            54.2257174
          ],
          [
            -4.6172421,
            54.2257616
          ],
          [
            -4.6172065,
            54.225802
          ],
          [
            -4.6171667,
            54.2258715
          ],
          [
            -4.617143,
            54.2259404
          ],
          [
            -4.6171277,
            54.226019
          ],
          [
            -4.6171171,
            54.22617
          ],
          [
            -4.6171732,
            54.2263161
          ],
          [
            -4.6172294,
            54.2263843
          ],
          [
            -4.617342,
            54.2264804
          ],
          [
            -4.6174951,
            54.2265777
          ],
          [
            -4.617734,
            54.2267117
          ],
          [
            -4.6180332,
            54.2268667
          ],
          [
            -4.6182666,
            54.2269741
          ],
          [
            -4.618615,
            54.2271035
          ],
          [
            -4.6188632,
            54.2272023
          ],
          [
            -4.6191042,
            54.2273294
          ],
          [
            -4.6194389,
            54.227517
          ],
          [
            -4.6197313,
            54.2276971
          ],
          [
            -4.6197729,
            54.2277406
          ],
          [
            -4.6198941,
            54.2278673
          ],
          [
            -4.6199337,
            54.2279359
          ],
          [
            -4.6199767,
            54.228064
          ],
          [
            -4.6199629,
            54.2281955
          ],
          [
            -4.6198619,
            54.2283639
          ],
          [
            -4.6197268,
            54.2284991
          ],
          [
            -4.6195127,
            54.2287603
          ],
          [
            -4.6192315,
            54.2291111
          ],
          [
            -4.6191552,
            54.2292545
          ],
          [
            -4.619107,
            54.2293729
          ],
          [
            -4.6190013,
            54.2296474
          ],
          [
            -4.6189425,
            54.2297591
          ],
          [
            -4.6188275,
            54.2298867
          ],
          [
            -4.6186169,
            54.2301148
          ],
          [
            -4.6184805,
            54.2302489
          ],
          [
            -4.6183706,
            54.2303491
          ],
          [
            -4.6182417,
            54.2304263
          ],
          [
            -4.6180457,
            54.2305194
          ],
          [
            -4.6179931,
            54.2305465
          ],
          [
            -4.6177152,
            54.2306897
          ],
          [
            -4.6175359,
            54.2307914
          ],
          [
            -4.6173655,
            54.2309001
          ],
          [
            -4.6172248,
            54.2310331
          ],
          [
            -4.6169871,
            54.2312993
          ],
          [
            -4.6166547,
            54.2316792
          ],
          [
            -4.6164765,
            54.2318816
          ],
          [
            -4.6162788,
            54.2321062
          ],
          [
            -4.616109,
            54.2323013
          ],
          [
            -4.6158059,
            54.2326551
          ],
          [
            -4.615594,
            54.2329154
          ],
          [
            -4.6154941,
            54.2330561
          ],
          [
            -4.6153741,
            54.2332924
          ],
          [
            -4.6153047,
            54.233433
          ],
          [
            -4.6152292,
            54.2335801
          ],
          [
            -4.6150698,
            54.2338044
          ],
          [
            -4.6149153,
            54.2340029
          ],
          [
            -4.6145891,
            54.2343722
          ],
          [
            -4.614368,
            54.2346024
          ],
          [
            -4.6137563,
            54.2352193
          ],
          [
            -4.6133831,
            54.2355987
          ],
          [
            -4.6131619,
            54.2358096
          ],
          [
            -4.6127958,
            54.2361365
          ],
          [
            -4.6124771,
            54.236396
          ],
          [
            -4.6119894,
            54.2367999
          ],
          [
            -4.6100823,
            54.2383933
          ],
          [
            -4.6099247,
            54.2385273
          ],
          [
            -4.6075897,
            54.2405137
          ],
          [
            -4.6067557,
            54.2412087
          ],
          [
            -4.6064442,
            54.2414649
          ],
          [
            -4.6063079,
            54.241574
          ],
          [
            -4.6061318,
            54.241685
          ],
          [
            -4.6043482,
            54.242623
          ],
          [
            -4.6039987,
            54.2428115
          ],
          [
            -4.6032325,
            54.2432057
          ],
          [
            -4.6017863,
            54.2439846
          ],
          [
            -4.601348,
            54.244213
          ],
          [
            -4.6012467,
            54.2442596
          ],
          [
            -4.6011412,
            54.2443005
          ],
          [
            -4.6010905,
            54.2443167
          ],
          [
            -4.6000523,
            54.2446496
          ],
          [
            -4.5988572,
            54.245016
          ],
          [
            -4.5986061,
            54.2450828
          ],
          [
            -4.5984073,
            54.2451229
          ],
          [
            -4.5982132,
            54.2451509
          ],
          [
            -4.5978597,
            54.2451828
          ],
          [
            -4.5975199,
            54.2452038
          ],
          [
            -4.5969826,
            54.2452398
          ],
          [
            -4.5968782,
            54.2452513
          ],
          [
            -4.5967757,
            54.245269
          ],
          [
            -4.5966321,
            54.2453008
          ],
          [
            -4.5964803,
            54.2453489
          ],
          [
            -4.5960711,
            54.2454735
          ],
          [
            -4.595434,
            54.2456871
          ],
          [
            -4.5951845,
            54.2457737
          ],
          [
            -4.5950148,
            54.2458335
          ],
          [
            -4.5948769,
            54.2458939
          ],
          [
            -4.5947463,
            54.2459591
          ],
          [
            -4.5946139,
            54.2460339
          ],
          [
            -4.5942676,
            54.2462627
          ],
          [
            -4.5936067,
            54.2467132
          ],
          [
            -4.592937,
            54.2471613
          ],
          [
            -4.5923641,
            54.2475621
          ],
          [
            -4.5919898,
            54.2478768
          ],
          [
            -4.5915315,
            54.2482619
          ],
          [
            -4.5910503,
            54.2486569
          ],
          [
            -4.5902343,
            54.2493144
          ],
          [
            -4.5897242,
            54.2497452
          ],
          [
            -4.5896577,
            54.2498014
          ],
          [
            -4.5894111,
            54.2500143
          ],
          [
            -4.5893208,
            54.2501026
          ],
          [
            -4.5892681,
            54.2501789
          ],
          [
            -4.5892189,
            54.250281
          ],
          [
            -4.5892094,
            54.2503032
          ],
          [
            -4.5891628,
            54.250412
          ],
          [
            -4.5891143,
            54.2505329
          ],
          [
            -4.5890581,
            54.2506295
          ],
          [
            -4.5889338,
            54.2507613
          ],
          [
            -4.5886098,
            54.2510164
          ],
          [
            -4.5885765,
            54.2510416
          ],
          [
            -4.5884286,
            54.2511534
          ],
          [
            -4.588077,
            54.251419
          ],
          [
            -4.5874936,
            54.2518623
          ],
          [
            -4.5873792,
            54.2519459
          ],
          [
            -4.5872829,
            54.2520428
          ],
          [
            -4.587185,
            54.2521572
          ],
          [
            -4.5869042,
            54.2525433
          ],
          [
            -4.5866974,
            54.2527902
          ],
          [
            -4.5860909,
            54.2535462
          ],
          [
            -4.5854314,
            54.2541298
          ],
          [
            -4.5853086,
            54.2542371
          ],
          [
            -4.5852369,
            54.2543013
          ],
          [
            -4.585168,
            54.2543803
          ],
          [
            -4.5851163,
            54.2544629
          ],
          [
            -4.5850073,
            54.254675
          ],
          [
            -4.5846959,
            54.2552876
          ],
          [
            -4.5844742,
            54.2557482
          ],
          [
            -4.5842969,
            54.2561069
          ],
          [
            -4.5841125,
            54.2564799
          ],
          [
            -4.5836873,
            54.2573437
          ],
          [
            -4.5834858,
            54.257721
          ],
          [
            -4.5830788,
            54.2584387
          ],
          [
            -4.5826912,
            54.2590343
          ],
          [
            -4.5825055,
            54.2593151
          ],
          [
            -4.5821483,
            54.259828
          ],
          [
            -4.5820153,
            54.2599721
          ],
          [
            -4.5819011,
            54.2600993
          ],
          [
            -4.5816757,
            54.2603503
          ],
          [
            -4.5816062,
            54.2604277
          ],
          [
            -4.5815416,
            54.2605069
          ],
          [
            -4.5815164,
            54.2605383
          ],
          [
            -4.5814965,
            54.2605659
          ],
          [
            -4.5814323,
            54.2606361
          ],
          [
            -4.5812879,
            54.2608279
          ],
          [
            -4.5812446,
            54.2608922
          ],
          [
            -4.5811988,
            54.2609616
          ],
          [
            -4.5811649,
            54.2610399
          ],
          [
            -4.5811378,
            54.2611416
          ],
          [
            -4.5810599,
            54.261572
          ],
          [
            -4.5809215,
            54.2620274
          ],
          [
            -4.5807766,
            54.2624839
          ],
          [
            -4.5807172,
            54.2626576
          ],
          [
            -4.5804379,
            54.263458
          ],
          [
            -4.5801291,
            54.2643735
          ],
          [
            -4.5798979,
            54.2649913
          ],
          [
            -4.5798044,
            54.2652674
          ],
          [
            -4.5797667,
            54.2653279
          ],
          [
            -4.5796574,
            54.2654328
          ],
          [
            -4.5795981,
            54.2654918
          ],
          [
            -4.5795666,
            54.2655597
          ],
          [
            -4.5795396,
            54.2656868
          ],
          [
            -4.5795222,
            54.2659545
          ],
          [
            -4.579509,
            54.2664891
          ],
          [
            -4.5794899,
            54.2674768
          ],
          [
            -4.5794804,
            54.2679703
          ],
          [
            -4.5794737,
            54.2683091
          ],
          [
            -4.5794865,
            54.2685512
          ],
          [
            -4.5794982,
            54.2687345
          ],
          [
            -4.5795065,
            54.2688932
          ],
          [
            -4.5795352,
            54.2690211
          ],
          [
            -4.5797153,
            54.2696657
          ],
          [
            -4.5799713,
            54.2706827
          ],
          [
            -4.5801005,
            54.2711734
          ],
          [
            -4.5803135,
            54.2719161
          ],
          [
            -4.580358,
            54.2720549
          ],
          [
            -4.5803758,
            54.2721394
          ],
          [
            -4.5803711,
            54.2722028
          ],
          [
            -4.5803535,
            54.2723315
          ],
          [
            -4.5803302,
            54.2724356
          ],
          [
            -4.580305,
            54.2725174
          ],
          [
            -4.5802666,
            54.2725873
          ],
          [
            -4.5802314,
            54.2726499
          ],
          [
            -4.5801832,
            54.2727194
          ],
          [
            -4.5798752,
            54.2731365
          ],
          [
            -4.5797696,
            54.2732906
          ],
          [
            -4.5796995,
            54.273436
          ],
          [
            -4.5793441,
            54.2743928
          ],
          [
            -4.5793298,
            54.274501
          ],
          [
            -4.5793171,
            54.2745839
          ],
          [
            -4.5793188,
            54.2746612
          ],
          [
            -4.579326,
            54.2747042
          ],
          [
            -4.5793457,
            54.2747809
          ],
          [
            -4.5793508,
            54.2748117
          ],
          [
            -4.5794654,
            54.275126
          ],
          [
            -4.57951,
            54.2752422
          ],
          [
            -4.5795685,
            54.2753537
          ],
          [
            -4.5796668,
            54.2754737
          ],
          [
            -4.5797998,
            54.2756043
          ],
          [
            -4.5803032,
            54.2759651
          ],
          [
            -4.5809142,
            54.276365
          ],
          [
            -4.5819832,
            54.2770611
          ],
          [
            -4.583373,
            54.2779506
          ],
          [
            -4.5847269,
            54.2788275
          ],
          [
            -4.5855459,
            54.2793597
          ],
          [
            -4.5856364,
            54.279419
          ],
          [
            -4.5864245,
            54.2799249
          ],
          [
            -4.5875545,
            54.2806663
          ],
          [
            -4.5876732,
            54.2807584
          ],
          [
            -4.5877754,
            54.2808476
          ],
          [
            -4.5878469,
            54.280916
          ],
          [
            -4.5878979,
            54.2809876
          ],
          [
            -4.5879486,
            54.2810711
          ],
          [
            -4.5879813,
            54.2811615
          ],
          [
            -4.5880004,
            54.281333
          ],
          [
            -4.5879917,
            54.2815114
          ],
          [
            -4.5879367,
            54.2819892
          ],
          [
            -4.5879262,
            54.2820762
          ],
          [
            -4.5878932,
            54.2824587
          ],
          [
            -4.5878662,
            54.2826396
          ],
          [
            -4.5878222,
            54.282762
          ],
          [
            -4.5877744,
            54.2828599
          ],
          [
            -4.5875531,
            54.2831865
          ],
          [
            -4.5874949,
            54.2832709
          ],
          [
            -4.5872103,
            54.2836529
          ],
          [
            -4.5869163,
            54.2840332
          ],
          [
            -4.5868314,
            54.2841309
          ],
          [
            -4.5867507,
            54.2842057
          ],
          [
            -4.585991,
            54.2847913
          ],
          [
            -4.5857318,
            54.2849745
          ],
          [
            -4.5851548,
            54.2853556
          ],
          [
            -4.5845428,
            54.2858676
          ],
          [
            -4.5844099,
            54.285974
          ],
          [
            -4.5839631,
            54.286275
          ],
          [
            -4.5838909,
            54.2863232
          ],
          [
            -4.5835196,
            54.2865763
          ],
          [
            -4.5833596,
            54.2866848
          ],
          [
            -4.5832155,
            54.2867892
          ],
          [
            -4.5826439,
            54.287189
          ],
          [
            -4.5826217,
            54.2872038
          ],
          [
            -4.5823997,
            54.2873673
          ],
          [
            -4.5821,
            54.2875914
          ],
          [
            -4.5818783,
            54.2877735
          ],
          [
            -4.5816861,
            54.2879723
          ],
          [
            -4.5814958,
            54.2881745
          ],
          [
            -4.581219,
            54.2884314
          ],
          [
            -4.580951,
            54.2886359
          ],
          [
            -4.5805683,
            54.2889122
          ],
          [
            -4.5804003,
            54.2890612
          ],
          [
            -4.5802662,
            54.2892295
          ],
          [
            -4.5800331,
            54.2895765
          ],
          [
            -4.5798738,
            54.2898409
          ],
          [
            -4.5798236,
            54.2899242
          ],
          [
            -4.5797769,
            54.2899884
          ],
          [
            -4.5796604,
            54.2901633
          ],
          [
            -4.5794683,
            54.2904362
          ],
          [
            -4.5792616,
            54.290717
          ],
          [
            -4.5791107,
            54.2909711
          ],
          [
            -4.5789835,
            54.2912121
          ],
          [
            -4.5788668,
            54.291453
          ],
          [
            -4.5787992,
            54.2916162
          ],
          [
            -4.5787266,
            54.2917529
          ],
          [
            -4.5786114,
            54.2918952
          ],
          [
            -4.5784371,
            54.2920932
          ],
          [
            -4.5782695,
            54.2922913
          ],
          [
            -4.5779057,
            54.2927328
          ],
          [
            -4.5776993,
            54.2929547
          ],
          [
            -4.5776138,
            54.2930332
          ],
          [
            -4.5775148,
            54.2931062
          ],
          [
            -4.5772941,
            54.293235
          ],
          [
            -4.5770315,
            54.2933818
          ],
          [
            -4.5768433,
            54.2934831
          ],
          [
            -4.5766421,
            54.2935898
          ],
          [
            -4.5765465,
            54.2936472
          ],
          [
            -4.5764697,
            54.2937045
          ],
          [
            -4.5763406,
            54.2938014
          ],
          [
            -4.576219,
            54.2938983
          ],
          [
            -4.5760332,
            54.2940838
          ],
          [
            -4.5759185,
            54.2942169
          ],
          [
            -4.5757907,
            54.2943793
          ],
          [
            -4.5756844,
            54.294599
          ],
          [
            -4.5756483,
            54.2946735
          ],
          [
            -4.5755688,
            54.2947841
          ],
          [
            -4.5753992,
            54.2950201
          ],
          [
            -4.5750649,
            54.2954792
          ],
          [
            -4.5748328,
            54.2958559
          ],
          [
            -4.5744586,
            54.2963958
          ],
          [
            -4.5743396,
            54.2965455
          ],
          [
            -4.5741609,
            54.2967158
          ],
          [
            -4.5739871,
            54.296862
          ],
          [
            -4.5738398,
            54.2969802
          ],
          [
            -4.5733428,
            54.2973847
          ],
          [
            -4.5731296,
            54.2975337
          ],
          [
            -4.572919,
            54.2976627
          ],
          [
            -4.5725487,
            54.2978988
          ],
          [
            -4.5724244,
            54.2979723
          ],
          [
            -4.5716129,
            54.2984525
          ],
          [
            -4.5704435,
            54.2992329
          ],
          [
            -4.5697133,
            54.299713
          ],
          [
            -4.5694151,
            54.2999332
          ],
          [
            -4.5692805,
            54.3000396
          ],
          [
            -4.5691754,
            54.3001225
          ],
          [
            -4.5690499,
            54.3002462
          ],
          [
            -4.5684308,
            54.3008563
          ],
          [
            -4.5683572,
            54.3009197
          ],
          [
            -4.5681699,
            54.3010811
          ],
          [
            -4.5679104,
            54.3012633
          ],
          [
            -4.5675033,
            54.3015106
          ],
          [
            -4.5669952,
            54.3017996
          ],
          [
            -4.5667149,
            54.3019528
          ],
          [
            -4.566299,
            54.3021642
          ],
          [
            -4.5655045,
            54.3025458
          ],
          [
            -4.5640972,
            54.3031666
          ],
          [
            -4.5636977,
            54.3033551
          ],
          [
            -4.5632419,
            54.3035861
          ],
          [
            -4.5630825,
            54.3036801
          ],
          [
            -4.5628517,
            54.3038307
          ],
          [
            -4.5626185,
            54.3039572
          ],
          [
            -4.5623952,
            54.3040674
          ],
          [
            -4.5620404,
            54.3042231
          ],
          [
            -4.5617096,
            54.3043448
          ],
          [
            -4.5614475,
            54.3044304
          ],
          [
            -4.5611253,
            54.3045217
          ],
          [
            -4.5607473,
            54.3046457
          ],
          [
            -4.5603321,
            54.3048165
          ],
          [
            -4.5599211,
            54.3050025
          ],
          [
            -4.5594866,
            54.3051966
          ],
          [
            -4.5591995,
            54.3053066
          ],
          [
            -4.5589177,
            54.3054047
          ],
          [
            -4.5586092,
            54.3055276
          ],
          [
            -4.5583377,
            54.305647
          ],
          [
            -4.5580609,
            54.3057808
          ],
          [
            -4.5576447,
            54.3060089
          ],
          [
            -4.5574771,
            54.3060897
          ],
          [
            -4.5572918,
            54.3061659
          ],
          [
            -4.5570043,
            54.3062598
          ],
          [
            -4.5567721,
            54.3063228
          ],
          [
            -4.5564715,
            54.3063889
          ],
          [
            -4.5560342,
            54.3064717
          ],
          [
            -4.5550418,
            54.3066534
          ],
          [
            -4.5543572,
            54.3068006
          ],
          [
            -4.5529619,
            54.307102
          ],
          [
            -4.5523391,
            54.3072676
          ],
          [
            -4.5504149,
            54.3077465
          ],
          [
            -4.550367,
            54.3077584
          ],
          [
            -4.5495902,
            54.3079454
          ],
          [
            -4.5493175,
            54.3080154
          ],
          [
            -4.5491587,
            54.3080562
          ],
          [
            -4.5487975,
            54.3081598
          ],
          [
            -4.5482903,
            54.3083351
          ],
          [
            -4.5479035,
            54.3084633
          ],
          [
            -4.5476038,
            54.3085421
          ],
          [
            -4.5473152,
            54.3086069
          ],
          [
            -4.5466353,
            54.3087255
          ],
          [
            -4.5457851,
            54.308861
          ],
          [
            -4.5452557,
            54.3089423
          ],
          [
            -4.5448849,
            54.3090009
          ],
          [
            -4.5439582,
            54.3091496
          ],
          [
            -4.5430893,
            54.3093044
          ],
          [
            -4.5426878,
            54.3093806
          ],
          [
            -4.5417389,
            54.30955
          ],
          [
            -4.5416014,
            54.3095849
          ],
          [
            -4.5415138,
            54.3096206
          ],
          [
            -4.5413724,
            54.3097295
          ],
          [
            -4.5412789,
            54.3097876
          ],
          [
            -4.5411755,
            54.3098376
          ],
          [
            -4.5410959,
            54.3098701
          ],
          [
            -4.5409901,
            54.3099025
          ],
          [
            -4.5408921,
            54.3099286
          ],
          [
            -4.5407575,
            54.3099586
          ],
          [
            -4.5406042,
            54.3099813
          ],
          [
            -4.5403734,
            54.3099977
          ],
          [
            -4.5399069,
            54.3100235
          ],
          [
            -4.5397344,
            54.3100416
          ],
          [
            -4.539557,
            54.3100675
          ],
          [
            -4.5393746,
            54.310104
          ],
          [
            -4.5390629,
            54.3101839
          ],
          [
            -4.5387018,
            54.3103075
          ],
          [
            -4.5379529,
            54.31057
          ],
          [
            -4.5371327,
            54.3108355
          ],
          [
            -4.5369047,
            54.3108999
          ],
          [
            -4.5366748,
            54.3109543
          ],
          [
            -4.5365147,
            54.310986
          ],
          [
            -4.5363234,
            54.311025
          ],
          [
            -4.5360474,
            54.3110739
          ],
          [
            -4.5357668,
            54.3111164
          ],
          [
            -4.5354257,
            54.3111604
          ],
          [
            -4.5341456,
            54.3113023
          ],
          [
            -4.5325131,
            54.3114667
          ],
          [
            -4.5312061,
            54.3116088
          ],
          [
            -4.5306615,
            54.3116597
          ],
          [
            -4.529586,
            54.311753
          ],
          [
            -4.5293169,
            54.3117765
          ],
          [
            -4.5285578,
            54.3118426
          ],
          [
            -4.5280142,
            54.3118893
          ],
          [
            -4.5279235,
            54.3118971
          ],
          [
            -4.5276449,
            54.3119312
          ],
          [
            -4.5272986,
            54.3119846
          ],
          [
            -4.5270206,
            54.3120283
          ],
          [
            -4.5267535,
            54.3120794
          ],
          [
            -4.5264374,
            54.3121457
          ],
          [
            -4.5261839,
            54.3122199
          ],
          [
            -4.5259246,
            54.3123096
          ],
          [
            -4.5256558,
            54.3124113
          ],
          [
            -4.5241523,
            54.3129349
          ],
          [
            -4.5239995,
            54.3129881
          ],
          [
            -4.5232303,
            54.3132486
          ],
          [
            -4.5226714,
            54.3134311
          ],
          [
            -4.5222023,
            54.3135674
          ],
          [
            -4.5212651,
            54.3138327
          ],
          [
            -4.5200195,
            54.3142222
          ],
          [
            -4.5198521,
            54.3142741
          ],
          [
            -4.51951,
            54.3143843
          ],
          [
            -4.5192787,
            54.3144526
          ],
          [
            -4.5189815,
            54.314525
          ],
          [
            -4.5187548,
            54.3145766
          ],
          [
            -4.5174681,
            54.3148694
          ],
          [
            -4.5159961,
            54.3151812
          ],
          [
            -4.5146448,
            54.3154152
          ],
          [
            -4.5141644,
            54.3155015
          ],
          [
            -4.5137418,
            54.3155908
          ],
          [
            -4.513158,
            54.3157295
          ],
          [
            -4.5126735,
            54.3158559
          ],
          [
            -4.512293,
            54.3159365
          ],
          [
            -4.5120959,
            54.315973
          ],
          [
            -4.5119022,
            54.3160021
          ],
          [
            -4.511643,
            54.3160272
          ],
          [
            -4.5113753,
            54.3160416
          ],
          [
            -4.5108916,
            54.3160528
          ],
          [
            -4.5098105,
            54.316062
          ],
          [
            -4.5089566,
            54.3160618
          ],
          [
            -4.5087226,
            54.3160644
          ],
          [
            -4.5084998,
            54.3160794
          ],
          [
            -4.5082964,
            54.3161005
          ],
          [
            -4.5081047,
            54.316128
          ],
          [
            -4.5078528,
            54.3161732
          ],
          [
            -4.5076116,
            54.316233
          ],
          [
            -4.5074044,
            54.3162956
          ],
          [
            -4.5071007,
            54.3164021
          ],
          [
            -4.5068321,
            54.3165094
          ],
          [
            -4.506605,
            54.3165867
          ],
          [
            -4.506397,
            54.3166465
          ],
          [
            -4.5061982,
            54.3166896
          ],
          [
            -4.5059652,
            54.3167266
          ],
          [
            -4.5047929,
            54.3168749
          ],
          [
            -4.50456,
            54.316908
          ],
          [
            -4.504353,
            54.3169508
          ],
          [
            -4.5038774,
            54.3170982
          ],
          [
            -4.5028325,
            54.317441
          ],
          [
            -4.5023706,
            54.3175852
          ],
          [
            -4.5021609,
            54.3176377
          ],
          [
            -4.501912,
            54.3177005
          ],
          [
            -4.5013129,
            54.317793
          ],
          [
            -4.500243,
            54.3179165
          ],
          [
            -4.4988476,
            54.318107
          ],
          [
            -4.4987572,
            54.3181189
          ],
          [
            -4.4971532,
            54.3183355
          ],
          [
            -4.4964205,
            54.3184429
          ],
          [
            -4.4958246,
            54.3185543
          ],
          [
            -4.4948213,
            54.3187784
          ],
          [
            -4.4947426,
            54.318796
          ],
          [
            -4.4938681,
            54.3189913
          ],
          [
            -4.4929781,
            54.3192022
          ],
          [
            -4.4926594,
            54.3192781
          ],
          [
            -4.4925528,
            54.3193027
          ],
          [
            -4.4925014,
            54.3193145
          ],
          [
            -4.4921841,
            54.3193948
          ],
          [
            -4.4919595,
            54.3194486
          ],
          [
            -4.4914738,
            54.3195599
          ],
          [
            -4.4899881,
            54.3199091
          ],
          [
            -4.489702,
            54.3199773
          ],
          [
            -4.4894075,
            54.3200439
          ],
          [
            -4.4886087,
            54.3202307
          ],
          [
            -4.4884805,
            54.3202617
          ],
          [
            -4.4867532,
            54.3206788
          ],
          [
            -4.4850916,
            54.3210602
          ],
          [
            -4.4835701,
            54.3214177
          ],
          [
            -4.4831814,
            54.3215094
          ],
          [
            -4.4827897,
            54.3216024
          ],
          [
            -4.4818087,
            54.3218368
          ],
          [
            -4.4815769,
            54.3218947
          ],
          [
            -4.4815065,
            54.3219113
          ],
          [
            -4.4808503,
            54.3220751
          ],
          [
            -4.4804756,
            54.3221638
          ],
          [
            -4.4801987,
            54.3222291
          ],
          [
            -4.4799208,
            54.3222861
          ],
          [
            -4.4796837,
            54.3223338
          ],
          [
            -4.4792235,
            54.3224129
          ],
          [
            -4.4787342,
            54.3224882
          ],
          [
            -4.4783317,
            54.3225455
          ],
          [
            -4.4778655,
            54.3226011
          ],
          [
            -4.4773771,
            54.3226532
          ],
          [
            -4.4770036,
            54.3226827
          ],
          [
            -4.476095,
            54.3227757
          ],
          [
            -4.4760147,
            54.3227835
          ],
          [
            -4.474949,
            54.3228873
          ],
          [
            -4.4736497,
            54.3230183
          ],
          [
            -4.4733753,
            54.3230491
          ],
          [
            -4.4732528,
            54.3230571
          ],
          [
            -4.4731724,
            54.3230524
          ],
          [
            -4.4730967,
            54.323033
          ],
          [
            -4.4730319,
            54.3230115
          ],
          [
            -4.4729737,
            54.3229852
          ],
          [
            -4.4729245,
            54.3229573
          ],
          [
            -4.472885,
            54.3229277
          ],
          [
            -4.4728541,
            54.322897
          ],
          [
            -4.47283,
            54.3228533
          ],
          [
            -4.4727481,
            54.3226713
          ],
          [
            -4.4726713,
            54.3225439
          ],
          [
            -4.4725803,
            54.3224212
          ],
          [
            -4.4723763,
            54.3222032
          ],
          [
            -4.4721657,
            54.3220039
          ],
          [
            -4.4719544,
            54.3218388
          ],
          [
            -4.4718847,
            54.3217843
          ],
          [
            -4.4717458,
            54.3216837
          ],
          [
            -4.4716939,
            54.3216509
          ],
          [
            -4.4715413,
            54.3215545
          ],
          [
            -4.4712704,
            54.3213969
          ],
          [
            -4.4709244,
            54.321218
          ],
          [
            -4.4706551,
            54.3210902
          ],
          [
            -4.4704818,
            54.32102
          ],
          [
            -4.4703395,
            54.3209768
          ],
          [
            -4.4701551,
            54.3209509
          ],
          [
            -4.4699653,
            54.3209402
          ],
          [
            -4.4689921,
            54.3209226
          ],
          [
            -4.4687142,
            54.3209162
          ],
          [
            -4.4684834,
            54.3209183
          ],
          [
            -4.4682797,
            54.3209411
          ],
          [
            -4.4678455,
            54.3210231
          ],
          [
            -4.4674885,
            54.3210905
          ],
          [
            -4.4670883,
            54.3211539
          ],
          [
            -4.4669252,
            54.3211798
          ],
          [
            -4.4666489,
            54.3212039
          ],
          [
            -4.4661903,
            54.3212282
          ],
          [
            -4.4657128,
            54.3212521
          ],
          [
            -4.465289,
            54.3212564
          ],
          [
            -4.4645702,
            54.3212285
          ],
          [
            -4.4639603,
            54.3211856
          ],
          [
            -4.4631234,
            54.3211029
          ],
          [
            -4.4630016,
            54.3210927
          ],
          [
            -4.4628931,
            54.3210921
          ],
          [
            -4.4628243,
            54.3211002
          ],
          [
            -4.4627736,
            54.3211062
          ],
          [
            -4.4626766,
            54.3211297
          ],
          [
            -4.46247,
            54.3211885
          ],
          [
            -4.4621133,
            54.3212968
          ],
          [
            -4.4617324,
            54.3213887
          ],
          [
            -4.461346,
            54.3214549
          ],
          [
            -4.4609761,
            54.3215048
          ],
          [
            -4.4607076,
            54.3215274
          ],
          [
            -4.4604557,
            54.3215357
          ],
          [
            -4.4601747,
            54.3215283
          ],
          [
            -4.4596752,
            54.3214817
          ],
          [
            -4.4585782,
            54.3213645
          ],
          [
            -4.4583824,
            54.3213552
          ],
          [
            -4.4582026,
            54.3213633
          ],
          [
            -4.4578486,
            54.3213869
          ],
          [
            -4.4574516,
            54.3214076
          ],
          [
            -4.4570936,
            54.3214145
          ],
          [
            -4.4561937,
            54.3213823
          ],
          [
            -4.4556465,
            54.3213469
          ],
          [
            -4.45522,
            54.3213139
          ],
          [
            -4.4543134,
            54.3212224
          ],
          [
            -4.4531926,
            54.3210643
          ],
          [
            -4.4514961,
            54.3208352
          ],
          [
            -4.4504913,
            54.3206676
          ],
          [
            -4.4496641,
            54.3205066
          ],
          [
            -4.4491291,
            54.3204155
          ],
          [
            -4.448951,
            54.3203851
          ],
          [
            -4.4472002,
            54.3201322
          ],
          [
            -4.4465806,
            54.3200532
          ],
          [
            -4.4463799,
            54.3200195
          ],
          [
            -4.4462012,
            54.3199824
          ],
          [
            -4.4452846,
            54.31977
          ],
          [
            -4.4445422,
            54.3196039
          ],
          [
            -4.4436543,
            54.3194392
          ],
          [
            -4.4432901,
            54.3193853
          ],
          [
            -4.4425617,
            54.3192774
          ],
          [
            -4.4410777,
            54.3189845
          ],
          [
            -4.4401728,
            54.3188347
          ],
          [
            -4.439812,
            54.3187786
          ],
          [
            -4.4394566,
            54.3187413
          ],
          [
            -4.4391053,
            54.318717
          ],
          [
            -4.438592,
            54.3186744
          ],
          [
            -4.438478,
            54.318665
          ],
          [
            -4.4380727,
            54.3186399
          ],
          [
            -4.4379234,
            54.3186434
          ],
          [
            -4.4376328,
            54.3186502
          ],
          [
            -4.4369408,
            54.3186855
          ],
          [
            -4.4362292,
            54.3187015
          ],
          [
            -4.4359739,
            54.3187073
          ],
          [
            -4.4356026,
            54.3187016
          ],
          [
            -4.4352644,
            54.3186754
          ],
          [
            -4.4349774,
            54.3186235
          ],
          [
            -4.4348523,
            54.3185968
          ],
          [
            -4.4346524,
            54.3185541
          ],
          [
            -4.4341325,
            54.3184205
          ],
          [
            -4.4335719,
            54.3182585
          ],
          [
            -4.4330784,
            54.3181123
          ],
          [
            -4.4329664,
            54.3180903
          ],
          [
            -4.43286,
            54.3180773
          ],
          [
            -4.4327492,
            54.3180719
          ],
          [
            -4.4326399,
            54.3180729
          ],
          [
            -4.4324561,
            54.3180922
          ],
          [
            -4.4322944,
            54.3181181
          ],
          [
            -4.4319436,
            54.3181822
          ],
          [
            -4.43163,
            54.3182486
          ],
          [
            -4.43113,
            54.3183586
          ],
          [
            -4.4306904,
            54.3184894
          ],
          [
            -4.4303616,
            54.3185677
          ],
          [
            -4.4298896,
            54.3186683
          ],
          [
            -4.4287922,
            54.3188361
          ],
          [
            -4.4284246,
            54.3188935
          ],
          [
            -4.4282688,
            54.3189178
          ],
          [
            -4.4278995,
            54.3189397
          ],
          [
            -4.4270336,
            54.3189912
          ],
          [
            -4.4260399,
            54.3190809
          ],
          [
            -4.4254717,
            54.3191195
          ],
          [
            -4.4250929,
            54.3191412
          ],
          [
            -4.4247586,
            54.3191515
          ],
          [
            -4.4243854,
            54.3191468
          ],
          [
            -4.4237389,
            54.3191384
          ],
          [
            -4.4235979,
            54.3191432
          ],
          [
            -4.4234707,
            54.3191512
          ],
          [
            -4.4233204,
            54.3191655
          ],
          [
            -4.4222798,
            54.3192642
          ],
          [
            -4.4214226,
            54.3193459
          ],
          [
            -4.4208224,
            54.3194371
          ],
          [
            -4.4202548,
            54.3195534
          ],
          [
            -4.4197693,
            54.3196608
          ],
          [
            -4.4190692,
            54.3198347
          ],
          [
            -4.4181009,
            54.3200592
          ],
          [
            -4.4174653,
            54.3201895
          ],
          [
            -4.416565,
            54.3203521
          ],
          [
            -4.4161829,
            54.3204192
          ],
          [
            -4.4157675,
            54.3204693
          ],
          [
            -4.4153947,
            54.3204758
          ],
          [
            -4.4143861,
            54.3204592
          ],
          [
            -4.413737,
            54.3204513
          ],
          [
            -4.4134554,
            54.3204602
          ],
          [
            -4.4131566,
            54.3204832
          ],
          [
            -4.4129531,
            54.3205113
          ],
          [
            -4.4127147,
            54.3205588
          ],
          [
            -4.4124737,
            54.3206082
          ],
          [
            -4.4118675,
            54.3207367
          ],
          [
            -4.4111292,
            54.3208935
          ],
          [
            -4.4107808,
            54.3209629
          ],
          [
            -4.4104647,
            54.3210119
          ],
          [
            -4.4101965,
            54.3210322
          ],
          [
            -4.4099331,
            54.3210413
          ],
          [
            -4.4096466,
            54.3210286
          ],
          [
            -4.4090273,
            54.3209907
          ],
          [
            -4.4087347,
            54.3209835
          ],
          [
            -4.4084638,
            54.3209954
          ],
          [
            -4.4075937,
            54.3210509
          ],
          [
            -4.4069206,
            54.3210881
          ],
          [
            -4.4060525,
            54.3211505
          ],
          [
            -4.4055581,
            54.3211939
          ],
          [
            -4.4054544,
            54.3212028
          ],
          [
            -4.4052762,
            54.3212181
          ],
          [
            -4.4048052,
            54.3212578
          ],
          [
            -4.4038559,
            54.3213316
          ],
          [
            -4.4036975,
            54.3213369
          ],
          [
            -4.403449,
            54.321338
          ],
          [
            -4.4031484,
            54.3213173
          ],
          [
            -4.4013393,
            54.3211707
          ],
          [
            -4.4008816,
            54.3211293
          ],
          [
            -4.4000282,
            54.321061
          ],
          [
            -4.3988689,
            54.3209656
          ],
          [
            -4.3986386,
            54.3209511
          ],
          [
            -4.39681,
            54.3208247
          ],
          [
            -4.3954159,
            54.3207242
          ],
          [
            -4.39489,
            54.3206924
          ],
          [
            -4.3948413,
            54.320689
          ],
          [
            -4.3940924,
            54.320649
          ],
          [
            -4.3939074,
            54.3206275
          ],
          [
            -4.3937575,
            54.3206207
          ],
          [
            -4.3937337,
            54.3206214
          ],
          [
            -4.3936187,
            54.3206245
          ],
          [
            -4.3935926,
            54.3206252
          ],
          [
            -4.3934007,
            54.3206423
          ],
          [
            -4.3932327,
            54.3206751
          ],
          [
            -4.3929727,
            54.3207299
          ],
          [
            -4.3915453,
            54.321078
          ],
          [
            -4.3912305,
            54.3211539
          ],
          [
            -4.3911678,
            54.3211695
          ],
          [
            -4.3911045,
            54.3211849
          ],
          [
            -4.3898192,
            54.321501
          ],
          [
            -4.3896507,
            54.3215425
          ],
          [
            -4.3892741,
            54.3216354
          ],
          [
            -4.3887054,
            54.321758
          ],
          [
            -4.3876607,
            54.3219693
          ],
          [
            -4.3874623,
            54.3220109
          ],
          [
            -4.3872486,
            54.3220565
          ],
          [
            -4.3871141,
            54.3220838
          ],
          [
            -4.3869026,
            54.3221339
          ],
          [
            -4.3868337,
            54.3221493
          ],
          [
            -4.3866786,
            54.3221962
          ],
          [
            -4.3865763,
            54.3221185
          ],
          [
            -4.386539,
            54.3220726
          ],
          [
            -4.3865065,
            54.32202
          ],
          [
            -4.3864479,
            54.3219012
          ],
          [
            -4.3864042,
            54.3218001
          ],
          [
            -4.3863527,
            54.3217136
          ],
          [
            -4.3863181,
            54.3216627
          ],
          [
            -4.3862522,
            54.3216036
          ],
          [
            -4.3860499,
            54.3214845
          ],
          [
            -4.3853579,
            54.3210855
          ],
          [
            -4.3848985,
            54.3208251
          ],
          [
            -4.3847806,
            54.3207643
          ],
          [
            -4.3846452,
            54.3206944
          ],
          [
            -4.3845876,
            54.3206647
          ],
          [
            -4.3845297,
            54.3206349
          ],
          [
            -4.3844881,
            54.3206134
          ],
          [
            -4.3843954,
            54.3205656
          ],
          [
            -4.3842584,
            54.320488
          ],
          [
            -4.3839797,
            54.3203302
          ],
          [
            -4.3839386,
            54.3203069
          ],
          [
            -4.3837609,
            54.3202036
          ],
          [
            -4.3835311,
            54.3200681
          ],
          [
            -4.3829165,
            54.3197218
          ],
          [
            -4.3828128,
            54.3196507
          ],
          [
            -4.3827142,
            54.3195846
          ],
          [
            -4.3826388,
            54.3195152
          ],
          [
            -4.3825761,
            54.3194394
          ],
          [
            -4.3825566,
            54.3194105
          ],
          [
            -4.3825361,
            54.3193682
          ],
          [
            -4.3825234,
            54.3193206
          ],
          [
            -4.3825182,
            54.319273
          ],
          [
            -4.3825178,
            54.3191898
          ],
          [
            -4.3825183,
            54.3191468
          ],
          [
            -4.3825204,
            54.318971
          ],
          [
            -4.3825386,
            54.3188123
          ],
          [
            -4.3826175,
            54.3186786
          ],
          [
            -4.3828968,
            54.3182047
          ],
          [
            -4.3831154,
            54.3178307
          ],
          [
            -4.3831568,
            54.3177706
          ],
          [
            -4.3835631,
            54.317168
          ],
          [
            -4.3836639,
            54.3170347
          ],
          [
            -4.3837057,
            54.3169534
          ],
          [
            -4.3837146,
            54.3168902
          ],
          [
            -4.3836995,
            54.3168305
          ],
          [
            -4.3836634,
            54.3167546
          ],
          [
            -4.3836045,
            54.3166682
          ],
          [
            -4.3834522,
            54.3164451
          ],
          [
            -4.3834139,
            54.3163888
          ],
          [
            -4.3833646,
            54.3163129
          ],
          [
            -4.383314,
            54.3162187
          ],
          [
            -4.3832682,
            54.3161287
          ],
          [
            -4.3832098,
            54.3159805
          ],
          [
            -4.3830641,
            54.3154817
          ],
          [
            -4.3829384,
            54.3149721
          ],
          [
            -4.3829324,
            54.3148535
          ],
          [
            -4.3829628,
            54.3147612
          ],
          [
            -4.3829994,
            54.3146707
          ],
          [
            -4.38306,
            54.3145835
          ],
          [
            -4.383133,
            54.3144981
          ],
          [
            -4.3832641,
            54.3143508
          ],
          [
            -4.3834829,
            54.3141413
          ],
          [
            -4.3836831,
            54.3139672
          ],
          [
            -4.3838756,
            54.3138141
          ],
          [
            -4.3840583,
            54.3136862
          ],
          [
            -4.3842398,
            54.3135667
          ],
          [
            -4.3844332,
            54.3134462
          ],
          [
            -4.3846265,
            54.3133331
          ],
          [
            -4.3848576,
            54.3132136
          ],
          [
            -4.3849597,
            54.3131494
          ],
          [
            -4.3849943,
            54.3131182
          ],
          [
            -4.3850092,
            54.3130901
          ],
          [
            -4.3850162,
            54.313059
          ],
          [
            -4.385004,
            54.3130272
          ],
          [
            -4.3849818,
            54.3130022
          ],
          [
            -4.3849535,
            54.3129811
          ],
          [
            -4.3849054,
            54.3129633
          ],
          [
            -4.3848538,
            54.3129609
          ],
          [
            -4.3847879,
            54.3129709
          ],
          [
            -4.3847265,
            54.3129987
          ],
          [
            -4.3846216,
            54.3130735
          ],
          [
            -4.3844891,
            54.3131551
          ],
          [
            -4.3843086,
            54.3132467
          ],
          [
            -4.3841666,
            54.313309
          ],
          [
            -4.3838661,
            54.3134151
          ],
          [
            -4.3835468,
            54.3134986
          ],
          [
            -4.3831664,
            54.3135863
          ],
          [
            -4.3825059,
            54.3137225
          ],
          [
            -4.3819731,
            54.3138323
          ],
          [
            -4.3817919,
            54.3138582
          ],
          [
            -4.3815909,
            54.3138758
          ],
          [
            -4.3814217,
            54.3138792
          ],
          [
            -4.3812555,
            54.3138767
          ],
          [
            -4.3810197,
            54.3138684
          ],
          [
            -4.380777,
            54.3138454
          ],
          [
            -4.3807557,
            54.3138434
          ],
          [
            -4.3802755,
            54.3137804
          ],
          [
            -4.3798929,
            54.3137328
          ],
          [
            -4.3796094,
            54.3137065
          ],
          [
            -4.3792363,
            54.3136797
          ],
          [
            -4.3788667,
            54.3136657
          ],
          [
            -4.3785625,
            54.3136639
          ],
          [
            -4.3781401,
            54.3136766
          ],
          [
            -4.3779823,
            54.3136816
          ],
          [
            -4.377836,
            54.3136712
          ],
          [
            -4.3777059,
            54.3136481
          ],
          [
            -4.3775814,
            54.3136214
          ],
          [
            -4.3774256,
            54.3135738
          ],
          [
            -4.3772548,
            54.3135012
          ],
          [
            -4.3765991,
            54.3131465
          ],
          [
            -4.3764547,
            54.3130659
          ],
          [
            -4.3763597,
            54.3130054
          ],
          [
            -4.3762838,
            54.3129417
          ],
          [
            -4.3762341,
            54.3128911
          ],
          [
            -4.3761873,
            54.3128378
          ],
          [
            -4.3761507,
            54.3127745
          ],
          [
            -4.3761423,
            54.3127205
          ],
          [
            -4.3761444,
            54.3126945
          ],
          [
            -4.3761734,
            54.3126198
          ],
          [
            -4.3762451,
            54.3125309
          ],
          [
            -4.3763723,
            54.3124321
          ],
          [
            -4.3765971,
            54.3122778
          ],
          [
            -4.3769084,
            54.3120596
          ],
          [
            -4.3777102,
            54.3114628
          ],
          [
            -4.37793,
            54.3112983
          ],
          [
            -4.3780515,
            54.3112062
          ],
          [
            -4.3781391,
            54.3111545
          ],
          [
            -4.3782502,
            54.3111057
          ],
          [
            -4.3784723,
            54.3110372
          ],
          [
            -4.3787546,
            54.3109653
          ],
          [
            -4.3789613,
            54.3108945
          ],
          [
            -4.3791229,
            54.3108229
          ],
          [
            -4.3792668,
            54.3107443
          ],
          [
            -4.3793682,
            54.3106831
          ],
          [
            -4.3794813,
            54.3106047
          ],
          [
            -4.3795898,
            54.310506
          ],
          [
            -4.37965,
            54.3104258
          ],
          [
            -4.3800866,
            54.3097581
          ],
          [
            -4.3802577,
            54.3095162
          ],
          [
            -4.3806349,
            54.3089692
          ],
          [
            -4.3807592,
            54.3087945
          ],
          [
            -4.3808303,
            54.3086544
          ],
          [
            -4.3809335,
            54.3084178
          ],
          [
            -4.3810558,
            54.3080475
          ],
          [
            -4.3811016,
            54.3078251
          ],
          [
            -4.3811381,
            54.3077272
          ],
          [
            -4.3811842,
            54.3076371
          ],
          [
            -4.3812564,
            54.3075484
          ],
          [
            -4.3813193,
            54.3074841
          ],
          [
            -4.3816694,
            54.307134
          ],
          [
            -4.3817986,
            54.306986
          ],
          [
            -4.3818889,
            54.3068566
          ],
          [
            -4.3819367,
            54.3067788
          ],
          [
            -4.3819658,
            54.3066897
          ],
          [
            -4.381973,
            54.3066237
          ],
          [
            -4.3819744,
            54.30656
          ],
          [
            -4.3819712,
            54.3065198
          ],
          [
            -4.3819421,
            54.306411
          ],
          [
            -4.381716,
            54.3058968
          ],
          [
            -4.3815408,
            54.3055339
          ],
          [
            -4.3815131,
            54.3054729
          ],
          [
            -4.3815025,
            54.3054145
          ],
          [
            -4.3815076,
            54.305364
          ],
          [
            -4.3815317,
            54.3053229
          ],
          [
            -4.3815773,
            54.3052845
          ],
          [
            -4.381639,
            54.3052498
          ],
          [
            -4.3817168,
            54.3052336
          ],
          [
            -4.3817972,
            54.3052275
          ],
          [
            -4.3818996,
            54.3052327
          ],
          [
            -4.3821071,
            54.305261
          ],
          [
            -4.382323,
            54.3052894
          ],
          [
            -4.382503,
            54.3053132
          ],
          [
            -4.3827843,
            54.3053203
          ],
          [
            -4.383114,
            54.3053338
          ],
          [
            -4.3834601,
            54.3053396
          ],
          [
            -4.383966,
            54.3053216
          ],
          [
            -4.3845515,
            54.3052949
          ],
          [
            -4.3851574,
            54.3052588
          ],
          [
            -4.3856398,
            54.3052192
          ],
          [
            -4.3864804,
            54.3051339
          ],
          [
            -4.3869685,
            54.3050817
          ],
          [
            -4.3872287,
            54.30505
          ],
          [
            -4.387377,
            54.3050256
          ],
          [
            -4.3875416,
            54.3049879
          ],
          [
            -4.3878575,
            54.3048947
          ],
          [
            -4.3884312,
            54.3047088
          ],
          [
            -4.3900742,
            54.304147
          ],
          [
            -4.3903686,
            54.304031
          ],
          [
            -4.3905305,
            54.3039615
          ],
          [
            -4.390678,
            54.3038849
          ],
          [
            -4.3907971,
            54.3038024
          ],
          [
            -4.3910242,
            54.3036144
          ],
          [
            -4.3912493,
            54.3034185
          ],
          [
            -4.3915149,
            54.303173
          ],
          [
            -4.3921289,
            54.3026234
          ],
          [
            -4.3927665,
            54.3020455
          ],
          [
            -4.3931009,
            54.3017242
          ],
          [
            -4.3932829,
            54.3015276
          ],
          [
            -4.3935106,
            54.3012456
          ],
          [
            -4.3935816,
            54.3011464
          ],
          [
            -4.393633,
            54.3010886
          ],
          [
            -4.3936857,
            54.3010422
          ],
          [
            -4.3937795,
            54.3009746
          ],
          [
            -4.3938806,
            54.300905
          ],
          [
            -4.3940242,
            54.3008369
          ],
          [
            -4.3942121,
            54.3007549
          ],
          [
            -4.3947301,
            54.3005346
          ],
          [
            -4.3950639,
            54.3003739
          ],
          [
            -4.3955516,
            54.3001194
          ],
          [
            -4.3966463,
            54.2995362
          ],
          [
            -4.3969916,
            54.2993692
          ],
          [
            -4.3972374,
            54.2992539
          ],
          [
            -4.397464,
            54.2991613
          ],
          [
            -4.3979441,
            54.2989828
          ],
          [
            -4.3984189,
            54.2988146
          ],
          [
            -4.3988051,
            54.2986899
          ],
          [
            -4.3991456,
            54.2985901
          ],
          [
            -4.4005559,
            54.2982022
          ],
          [
            -4.4022249,
            54.2977407
          ],
          [
            -4.4027279,
            54.2975951
          ],
          [
            -4.4029844,
            54.297515
          ],
          [
            -4.4032037,
            54.2974409
          ],
          [
            -4.4033729,
            54.2973689
          ],
          [
            -4.4035312,
            54.2972819
          ],
          [
            -4.4037608,
            54.2971489
          ],
          [
            -4.4039841,
            54.2970138
          ],
          [
            -4.4041105,
            54.296923
          ],
          [
            -4.4042327,
            54.2968294
          ],
          [
            -4.4043934,
            54.2966846
          ],
          [
            -4.404662,
            54.2964454
          ],
          [
            -4.4047972,
            54.2963156
          ],
          [
            -4.4048946,
            54.2962013
          ],
          [
            -4.404967,
            54.2961075
          ],
          [
            -4.4050617,
            54.2959386
          ],
          [
            -4.4051309,
            54.2958144
          ],
          [
            -4.4052253,
            54.29569
          ],
          [
            -4.40538,
            54.2955292
          ],
          [
            -4.4055161,
            54.2953929
          ],
          [
            -4.4055954,
            54.295302
          ],
          [
            -4.4056653,
            54.2951952
          ],
          [
            -4.4057199,
            54.2950721
          ],
          [
            -4.4057521,
            54.2949499
          ],
          [
            -4.405779,
            54.294871
          ],
          [
            -4.4058084,
            54.2948078
          ],
          [
            -4.4058541,
            54.2947514
          ],
          [
            -4.4059265,
            54.2946909
          ],
          [
            -4.4060256,
            54.2946283
          ],
          [
            -4.4061654,
            54.2945587
          ],
          [
            -4.4063673,
            54.2944849
          ],
          [
            -4.406605,
            54.2944168
          ],
          [
            -4.4069403,
            54.2943361
          ],
          [
            -4.4073533,
            54.2942515
          ],
          [
            -4.4078793,
            54.2941648
          ],
          [
            -4.4083803,
            54.2940823
          ],
          [
            -4.4089578,
            54.2939898
          ],
          [
            -4.4091574,
            54.2939481
          ],
          [
            -4.4093207,
            54.2939027
          ],
          [
            -4.4094759,
            54.2938506
          ],
          [
            -4.4096008,
            54.2937959
          ],
          [
            -4.4097019,
            54.2937361
          ],
          [
            -4.4098076,
            54.2936658
          ],
          [
            -4.409924,
            54.2935799
          ],
          [
            -4.4102913,
            54.293283
          ],
          [
            -4.4116145,
            54.292177
          ],
          [
            -4.4119677,
            54.2918931
          ],
          [
            -4.4121438,
            54.2917445
          ],
          [
            -4.4122412,
            54.29167
          ],
          [
            -4.4123353,
            54.2916155
          ],
          [
            -4.4126078,
            54.291501
          ],
          [
            -4.4128118,
            54.2914199
          ],
          [
            -4.4130427,
            54.2913334
          ],
          [
            -4.4133347,
            54.2912322
          ],
          [
            -4.413588,
            54.2911291
          ],
          [
            -4.4139569,
            54.2909733
          ],
          [
            -4.4144993,
            54.2907341
          ],
          [
            -4.4147957,
            54.2905931
          ],
          [
            -4.4151834,
            54.2903929
          ],
          [
            -4.417342,
            54.2892209
          ],
          [
            -4.418357,
            54.2886593
          ],
          [
            -4.4194015,
            54.2880663
          ],
          [
            -4.420033,
            54.2876941
          ],
          [
            -4.4202843,
            54.2875456
          ],
          [
            -4.4205279,
            54.2874149
          ],
          [
            -4.420698,
            54.2873312
          ],
          [
            -4.4208566,
            54.287256
          ],
          [
            -4.4216136,
            54.286923
          ],
          [
            -4.422109,
            54.2866923
          ],
          [
            -4.4226714,
            54.2864118
          ],
          [
            -4.4233103,
            54.2860893
          ],
          [
            -4.424075,
            54.2856758
          ],
          [
            -4.4249528,
            54.2851961
          ],
          [
            -4.4252639,
            54.2850058
          ],
          [
            -4.4263729,
            54.2842419
          ],
          [
            -4.4269451,
            54.283794
          ],
          [
            -4.427119,
            54.2836572
          ],
          [
            -4.4272838,
            54.28353
          ],
          [
            -4.4283979,
            54.2828139
          ],
          [
            -4.4288137,
            54.2825308
          ],
          [
            -4.4292263,
            54.282255
          ],
          [
            -4.4294966,
            54.282081
          ],
          [
            -4.4298007,
            54.2818964
          ],
          [
            -4.4301226,
            54.2817196
          ],
          [
            -4.4304699,
            54.2815361
          ],
          [
            -4.4309139,
            54.2813012
          ],
          [
            -4.4312336,
            54.2811394
          ],
          [
            -4.4315967,
            54.2809745
          ],
          [
            -4.4319647,
            54.2808007
          ],
          [
            -4.4323514,
            54.2806513
          ],
          [
            -4.4327209,
            54.2805083
          ],
          [
            -4.4332141,
            54.2803244
          ],
          [
            -4.4340663,
            54.2800155
          ],
          [
            -4.4342854,
            54.2799347
          ],
          [
            -4.4344892,
            54.2798496
          ],
          [
            -4.4346663,
            54.279767
          ],
          [
            -4.4347988,
            54.2797067
          ],
          [
            -4.4349506,
            54.2796466
          ],
          [
            -4.4351484,
            54.2795808
          ],
          [
            -4.435375,
            54.279501
          ],
          [
            -4.4362879,
            54.2792479
          ],
          [
            -4.4370132,
            54.2790649
          ],
          [
            -4.4372385,
            54.2790141
          ],
          [
            -4.4374544,
            54.2789764
          ],
          [
            -4.4377079,
            54.2789433
          ],
          [
            -4.4379948,
            54.2789155
          ],
          [
            -4.4384122,
            54.2788796
          ],
          [
            -4.4388747,
            54.2788412
          ],
          [
            -4.4391988,
            54.2788182
          ],
          [
            -4.43936,
            54.2788116
          ],
          [
            -4.4395154,
            54.2788053
          ],
          [
            -4.4401852,
            54.2787804
          ],
          [
            -4.4408863,
            54.2787536
          ],
          [
            -4.4414543,
            54.2787252
          ],
          [
            -4.4416481,
            54.2787062
          ],
          [
            -4.4418439,
            54.2786788
          ],
          [
            -4.4420692,
            54.2786308
          ],
          [
            -4.4423826,
            54.2785538
          ],
          [
            -4.4426282,
            54.2784807
          ],
          [
            -4.4428241,
            54.2784059
          ],
          [
            -4.4429415,
            54.2783491
          ],
          [
            -4.4431278,
            54.2782308
          ],
          [
            -4.4433403,
            54.2780635
          ],
          [
            -4.4435487,
            54.2778661
          ],
          [
            -4.443716,
            54.2776995
          ],
          [
            -4.4438902,
            54.2774926
          ],
          [
            -4.4440674,
            54.2772627
          ],
          [
            -4.4441729,
            54.2771095
          ],
          [
            -4.4442353,
            54.2769893
          ],
          [
            -4.4442731,
            54.2768644
          ],
          [
            -4.4443101,
            54.2767377
          ],
          [
            -4.4444295,
            54.2762367
          ],
          [
            -4.4444636,
            54.2760999
          ],
          [
            -4.44451,
            54.275957
          ],
          [
            -4.4445621,
            54.2758249
          ],
          [
            -4.4446779,
            54.2755957
          ],
          [
            -4.4447503,
            54.2754383
          ],
          [
            -4.4448003,
            54.2753034
          ],
          [
            -4.4448304,
            54.2751403
          ],
          [
            -4.4448748,
            54.274738
          ],
          [
            -4.4449397,
            54.2741724
          ],
          [
            -4.4449583,
            54.2738167
          ],
          [
            -4.4449816,
            54.2732956
          ],
          [
            -4.4449847,
            54.2731421
          ],
          [
            -4.4449928,
            54.2730622
          ],
          [
            -4.4450142,
            54.2729578
          ],
          [
            -4.4450541,
            54.2728146
          ],
          [
            -4.4451999,
            54.2724621
          ],
          [
            -4.4457369,
            54.2710813
          ],
          [
            -4.4459271,
            54.2706238
          ],
          [
            -4.4459718,
            54.2705124
          ],
          [
            -4.4460227,
            54.270409
          ],
          [
            -4.4461005,
            54.2702803
          ],
          [
            -4.4461998,
            54.2701691
          ],
          [
            -4.4466504,
            54.2697468
          ],
          [
            -4.4474045,
            54.2690401
          ],
          [
            -4.447903,
            54.2685748
          ],
          [
            -4.4486244,
            54.2679186
          ],
          [
            -4.4487887,
            54.2677579
          ],
          [
            -4.4488824,
            54.2676615
          ],
          [
            -4.4489662,
            54.2675543
          ],
          [
            -4.4490241,
            54.26746
          ],
          [
            -4.449056,
            54.2673814
          ],
          [
            -4.4490879,
            54.2672831
          ],
          [
            -4.4491004,
            54.2672362
          ],
          [
            -4.4491235,
            54.2671382
          ],
          [
            -4.4491464,
            54.2668867
          ],
          [
            -4.4491636,
            54.2667059
          ],
          [
            -4.4491706,
            54.2665258
          ],
          [
            -4.4491556,
            54.2663394
          ],
          [
            -4.4491381,
            54.2662289
          ],
          [
            -4.4490764,
            54.2660266
          ],
          [
            -4.4488113,
            54.2653422
          ],
          [
            -4.4486797,
            54.2650159
          ],
          [
            -4.4486272,
            54.264869
          ],
          [
            -4.4485869,
            54.2647189
          ],
          [
            -4.4485628,
            54.2645741
          ],
          [
            -4.4485349,
            54.2643005
          ],
          [
            -4.4485081,
            54.2640255
          ],
          [
            -4.4485024,
            54.2638679
          ],
          [
            -4.4485172,
            54.2637255
          ],
          [
            -4.4485601,
            54.263559
          ],
          [
            -4.448688,
            54.2631727
          ],
          [
            -4.448777,
            54.2629856
          ],
          [
            -4.4488411,
            54.2628872
          ],
          [
            -4.4489274,
            54.2627746
          ],
          [
            -4.4492787,
            54.2623885
          ],
          [
            -4.4494082,
            54.2622556
          ],
          [
            -4.4495338,
            54.2621431
          ],
          [
            -4.4496947,
            54.2620211
          ],
          [
            -4.4499173,
            54.2618873
          ],
          [
            -4.4507994,
            54.2613716
          ],
          [
            -4.4532677,
            54.2599422
          ],
          [
            -4.4540387,
            54.2594925
          ],
          [
            -4.4546333,
            54.259162
          ],
          [
            -4.4550028,
            54.2589706
          ],
          [
            -4.4553429,
            54.2588133
          ],
          [
            -4.4556151,
            54.2586953
          ],
          [
            -4.4558736,
            54.2585896
          ],
          [
            -4.4561891,
            54.2584706
          ],
          [
            -4.4565768,
            54.2583291
          ],
          [
            -4.4572558,
            54.2580808
          ],
          [
            -4.4575007,
            54.2579836
          ],
          [
            -4.4576395,
            54.2579275
          ],
          [
            -4.4577842,
            54.2578602
          ],
          [
            -4.4579258,
            54.2577885
          ],
          [
            -4.4580728,
            54.2576947
          ],
          [
            -4.4581796,
            54.2576135
          ],
          [
            -4.4582814,
            54.2575222
          ],
          [
            -4.4583727,
            54.2574244
          ],
          [
            -4.4584427,
            54.2573383
          ],
          [
            -4.458512,
            54.2572195
          ],
          [
            -4.4585745,
            54.2570947
          ],
          [
            -4.4586134,
            54.2569727
          ],
          [
            -4.4586478,
            54.2568502
          ],
          [
            -4.4587481,
            54.2563613
          ],
          [
            -4.4589628,
            54.2552814
          ],
          [
            -4.4589995,
            54.2550921
          ],
          [
            -4.4590222,
            54.2549917
          ],
          [
            -4.4590582,
            54.2548843
          ],
          [
            -4.4590969,
            54.2547863
          ],
          [
            -4.4591418,
            54.2546951
          ],
          [
            -4.459187,
            54.25461
          ],
          [
            -4.4592411,
            54.2545276
          ],
          [
            -4.4593103,
            54.2544177
          ],
          [
            -4.4593863,
            54.254305
          ],
          [
            -4.4597541,
            54.2538084
          ],
          [
            -4.4598645,
            54.2536807
          ],
          [
            -4.4599667,
            54.2535717
          ],
          [
            -4.460166,
            54.2533951
          ],
          [
            -4.4604374,
            54.2531614
          ],
          [
            -4.4605861,
            54.2530525
          ],
          [
            -4.4607324,
            54.2529534
          ],
          [
            -4.4609159,
            54.2528442
          ],
          [
            -4.4611128,
            54.252738
          ],
          [
            -4.4613906,
            54.2526088
          ],
          [
            -4.4624776,
            54.2521554
          ],
          [
            -4.4626667,
            54.2520751
          ],
          [
            -4.4627982,
            54.2520002
          ],
          [
            -4.4628862,
            54.2519461
          ],
          [
            -4.462957,
            54.2518872
          ],
          [
            -4.463013,
            54.2518244
          ],
          [
            -4.4630534,
            54.2517558
          ],
          [
            -4.4630832,
            54.2516773
          ],
          [
            -4.4630958,
            54.2516156
          ],
          [
            -4.4631049,
            54.2515482
          ],
          [
            -4.4631072,
            54.251441
          ],
          [
            -4.4631004,
            54.251323
          ],
          [
            -4.4630986,
            54.2512933
          ],
          [
            -4.4630948,
            54.2512276
          ],
          [
            -4.4630934,
            54.2511653
          ],
          [
            -4.4630852,
            54.2510573
          ],
          [
            -4.4630807,
            54.2509896
          ],
          [
            -4.4630874,
            54.2508356
          ],
          [
            -4.4631005,
            54.2507778
          ],
          [
            -4.463116,
            54.2507091
          ],
          [
            -4.4631372,
            54.2506567
          ],
          [
            -4.4631585,
            54.2506092
          ],
          [
            -4.463202,
            54.2505396
          ],
          [
            -4.4632516,
            54.2504689
          ],
          [
            -4.4633582,
            54.2503117
          ],
          [
            -4.4635472,
            54.2500701
          ],
          [
            -4.4637671,
            54.2497629
          ],
          [
            -4.4639978,
            54.249437
          ],
          [
            -4.4645074,
            54.2487349
          ],
          [
            -4.4647837,
            54.2483572
          ],
          [
            -4.4650358,
            54.2480093
          ],
          [
            -4.4652343,
            54.2477414
          ],
          [
            -4.465414,
            54.2474843
          ],
          [
            -4.4655339,
            54.2472756
          ],
          [
            -4.4658099,
            54.2468853
          ],
          [
            -4.4662435,
            54.2462784
          ],
          [
            -4.4663591,
            54.2461365
          ],
          [
            -4.4664256,
            54.2460581
          ],
          [
            -4.4664842,
            54.2459959
          ],
          [
            -4.4666702,
            54.2457896
          ],
          [
            -4.4667849,
            54.245674
          ],
          [
            -4.4668846,
            54.2455807
          ],
          [
            -4.4670225,
            54.2454579
          ],
          [
            -4.4671692,
            54.2453401
          ],
          [
            -4.4673535,
            54.245192
          ],
          [
            -4.467525,
            54.2450571
          ],
          [
            -4.4677263,
            54.2449027
          ],
          [
            -4.4679786,
            54.2447117
          ],
          [
            -4.4681885,
            54.2445483
          ],
          [
            -4.4683844,
            54.2444046
          ],
          [
            -4.4685774,
            54.2442672
          ],
          [
            -4.468855,
            54.2440839
          ],
          [
            -4.4693505,
            54.2437661
          ],
          [
            -4.4697519,
            54.2435159
          ],
          [
            -4.4699053,
            54.2434262
          ],
          [
            -4.4700456,
            54.2433621
          ],
          [
            -4.4702603,
            54.243278
          ],
          [
            -4.4709113,
            54.2430625
          ],
          [
            -4.471396,
            54.2429104
          ],
          [
            -4.47165,
            54.2428147
          ],
          [
            -4.4718417,
            54.2427259
          ],
          [
            -4.4719622,
            54.2426592
          ],
          [
            -4.4720966,
            54.2425515
          ],
          [
            -4.4722144,
            54.2424136
          ],
          [
            -4.4723095,
            54.2422577
          ],
          [
            -4.4724093,
            54.2420471
          ],
          [
            -4.4725495,
            54.2417109
          ],
          [
            -4.4726325,
            54.2414252
          ],
          [
            -4.4728032,
            54.2408305
          ],
          [
            -4.472865,
            54.2405724
          ],
          [
            -4.4728823,
            54.2404258
          ],
          [
            -4.4728846,
            54.2402982
          ],
          [
            -4.4728642,
            54.23963
          ],
          [
            -4.4728588,
            54.2393263
          ],
          [
            -4.4728634,
            54.239107
          ],
          [
            -4.4728885,
            54.2388807
          ],
          [
            -4.472935,
            54.2385014
          ],
          [
            -4.4729685,
            54.2383253
          ],
          [
            -4.4730144,
            54.2381883
          ],
          [
            -4.4730776,
            54.238061
          ],
          [
            -4.4734037,
            54.2375029
          ],
          [
            -4.4736702,
            54.2370381
          ],
          [
            -4.4741112,
            54.236357
          ],
          [
            -4.4741673,
            54.2362568
          ],
          [
            -4.4742176,
            54.236147
          ],
          [
            -4.4742466,
            54.2360409
          ],
          [
            -4.4742889,
            54.2358387
          ],
          [
            -4.4743221,
            54.2356297
          ],
          [
            -4.4743282,
            54.2355522
          ],
          [
            -4.4743228,
            54.2354641
          ],
          [
            -4.4742984,
            54.2353731
          ],
          [
            -4.4741187,
            54.2349395
          ],
          [
            -4.473893,
            54.2344054
          ],
          [
            -4.4738467,
            54.2343329
          ],
          [
            -4.4737835,
            54.2342543
          ],
          [
            -4.473616,
            54.2340967
          ],
          [
            -4.4731381,
            54.2336852
          ],
          [
            -4.4722024,
            54.2328496
          ],
          [
            -4.471612,
            54.2323413
          ],
          [
            -4.4709331,
            54.2317918
          ],
          [
            -4.4704347,
            54.2313894
          ],
          [
            -4.4702347,
            54.2311777
          ],
          [
            -4.47017,
            54.2310994
          ],
          [
            -4.4701423,
            54.2310264
          ],
          [
            -4.470103,
            54.2309494
          ],
          [
            -4.4700822,
            54.2308805
          ],
          [
            -4.4700753,
            54.2308292
          ],
          [
            -4.4700753,
            54.2307373
          ],
          [
            -4.4700891,
            54.230663
          ],
          [
            -4.4701099,
            54.2305793
          ],
          [
            -4.4701469,
            54.2304806
          ],
          [
            -4.4701931,
            54.230403
          ],
          [
            -4.4702906,
            54.2302721
          ],
          [
            -4.470914,
            54.2294439
          ],
          [
            -4.4710989,
            54.2291702
          ],
          [
            -4.4721872,
            54.2277618
          ],
          [
            -4.4723032,
            54.2275978
          ],
          [
            -4.4724179,
            54.227428
          ],
          [
            -4.4725489,
            54.2272077
          ],
          [
            -4.4726999,
            54.2269482
          ],
          [
            -4.4730807,
            54.2263028
          ],
          [
            -4.4731634,
            54.2261666
          ],
          [
            -4.4732498,
            54.2259923
          ],
          [
            -4.4733364,
            54.2258139
          ],
          [
            -4.4733925,
            54.2256938
          ],
          [
            -4.4734499,
            54.2255591
          ],
          [
            -4.4735062,
            54.2253879
          ],
          [
            -4.4736964,
            54.2247933
          ],
          [
            -4.4738069,
            54.2244852
          ],
          [
            -4.4738566,
            54.224351
          ],
          [
            -4.4739205,
            54.224205
          ],
          [
            -4.474005,
            54.2240524
          ],
          [
            -4.4743531,
            54.2234812
          ],
          [
            -4.4744675,
            54.223308
          ],
          [
            -4.4745614,
            54.2231789
          ],
          [
            -4.4746966,
            54.2230255
          ],
          [
            -4.4753308,
            54.2223604
          ],
          [
            -4.4755924,
            54.2221178
          ],
          [
            -4.4757555,
            54.2219882
          ],
          [
            -4.4759181,
            54.2218642
          ],
          [
            -4.4760909,
            54.2217469
          ],
          [
            -4.4762792,
            54.2216349
          ],
          [
            -4.4768907,
            54.2213331
          ],
          [
            -4.4778475,
            54.2208564
          ],
          [
            -4.4779803,
            54.220775
          ],
          [
            -4.4780959,
            54.2206917
          ],
          [
            -4.4782167,
            54.2205921
          ],
          [
            -4.4783172,
            54.2204799
          ],
          [
            -4.4784238,
            54.2203433
          ],
          [
            -4.4785133,
            54.220202
          ],
          [
            -4.4785984,
            54.2200314
          ],
          [
            -4.4788355,
            54.2195286
          ],
          [
            -4.4788988,
            54.2193755
          ],
          [
            -4.4789377,
            54.2192558
          ],
          [
            -4.4789542,
            54.21916
          ],
          [
            -4.47896,
            54.2190688
          ],
          [
            -4.4789561,
            54.2189773
          ],
          [
            -4.478935,
            54.2188331
          ],
          [
            -4.4788701,
            54.2185453
          ],
          [
            -4.4787934,
            54.2182799
          ],
          [
            -4.4787123,
            54.2180496
          ],
          [
            -4.4786306,
            54.2178381
          ],
          [
            -4.4785503,
            54.2176362
          ],
          [
            -4.4784993,
            54.2174725
          ],
          [
            -4.4784377,
            54.2171947
          ],
          [
            -4.4784105,
            54.217017
          ],
          [
            -4.4783916,
            54.2168515
          ],
          [
            -4.4783885,
            54.21673
          ],
          [
            -4.4784033,
            54.216571
          ],
          [
            -4.4784428,
            54.2163355
          ],
          [
            -4.4785413,
            54.2159083
          ],
          [
            -4.4786745,
            54.2153873
          ],
          [
            -4.4787316,
            54.2151602
          ],
          [
            -4.4787651,
            54.2150367
          ],
          [
            -4.4788146,
            54.2149404
          ],
          [
            -4.4788839,
            54.2148438
          ],
          [
            -4.4790109,
            54.2146983
          ],
          [
            -4.4793247,
            54.2143902
          ],
          [
            -4.479507,
            54.2141854
          ],
          [
            -4.4795648,
            54.2140846
          ],
          [
            -4.4795836,
            54.2140023
          ],
          [
            -4.4795797,
            54.2139177
          ],
          [
            -4.4795549,
            54.2138203
          ],
          [
            -4.4795061,
            54.2137199
          ],
          [
            -4.4794432,
            54.2136232
          ],
          [
            -4.4793296,
            54.2134582
          ],
          [
            -4.4790132,
            54.2129909
          ],
          [
            -4.4789306,
            54.2128762
          ],
          [
            -4.4788485,
            54.2127837
          ],
          [
            -4.4787541,
            54.2126961
          ],
          [
            -4.4785166,
            54.212498
          ],
          [
            -4.4776972,
            54.2118521
          ],
          [
            -4.4771695,
            54.2114236
          ],
          [
            -4.4770372,
            54.2113154
          ],
          [
            -4.4769139,
            54.2112216
          ],
          [
            -4.476793,
            54.2111455
          ],
          [
            -4.4766641,
            54.2110812
          ],
          [
            -4.4764746,
            54.2110028
          ],
          [
            -4.4761722,
            54.210891
          ],
          [
            -4.4748664,
            54.2104322
          ],
          [
            -4.4715171,
            54.2092364
          ],
          [
            -4.4701998,
            54.2087809
          ],
          [
            -4.469169,
            54.2084129
          ],
          [
            -4.4677821,
            54.2079239
          ],
          [
            -4.4673337,
            54.2077648
          ],
          [
            -4.4668387,
            54.2075892
          ],
          [
            -4.4666844,
            54.2075351
          ],
          [
            -4.4665718,
            54.207485
          ],
          [
            -4.466471,
            54.2074303
          ],
          [
            -4.4664218,
            54.2073733
          ],
          [
            -4.4663736,
            54.2072946
          ],
          [
            -4.4663447,
            54.2072221
          ],
          [
            -4.46635,
            54.2071529
          ],
          [
            -4.4663772,
            54.2070907
          ],
          [
            -4.4664168,
            54.2070197
          ],
          [
            -4.4665927,
            54.2068139
          ],
          [
            -4.4678616,
            54.2054099
          ],
          [
            -4.4688033,
            54.2043601
          ],
          [
            -4.4695768,
            54.2034998
          ],
          [
            -4.4707259,
            54.2022239
          ],
          [
            -4.4711689,
            54.201732
          ],
          [
            -4.472276,
            54.2004983
          ],
          [
            -4.472637,
            54.200096
          ],
          [
            -4.4727891,
            54.1999271
          ],
          [
            -4.4729798,
            54.1997401
          ],
          [
            -4.4731151,
            54.1996169
          ],
          [
            -4.4734377,
            54.1993464
          ],
          [
            -4.4746481,
            54.1983042
          ],
          [
            -4.4758776,
            54.1972556
          ],
          [
            -4.4763069,
            54.1968915
          ],
          [
            -4.47674,
            54.1965261
          ],
          [
            -4.4772043,
            54.1960309
          ],
          [
            -4.4772557,
            54.1959582
          ],
          [
            -4.4772971,
            54.1958753
          ],
          [
            -4.4773425,
            54.1957956
          ],
          [
            -4.4773841,
            54.1957153
          ],
          [
            -4.4774183,
            54.1956176
          ],
          [
            -4.4774569,
            54.1955024
          ],
          [
            -4.4774939,
            54.1953387
          ],
          [
            -4.4775189,
            54.1951476
          ],
          [
            -4.4775128,
            54.1950094
          ],
          [
            -4.4774173,
            54.1945865
          ],
          [
            -4.4772664,
            54.1942755
          ],
          [
            -4.4762492,
            54.1921205
          ],
          [
            -4.4760372,
            54.1916713
          ],
          [
            -4.4755628,
            54.1906661
          ],
          [
            -4.47499,
            54.1894631
          ],
          [
            -4.4745263,
            54.1884744
          ],
          [
            -4.4743777,
            54.1882072
          ],
          [
            -4.4743298,
            54.1880727
          ],
          [
            -4.4743202,
            54.1880429
          ],
          [
            -4.4743067,
            54.1879584
          ],
          [
            -4.4743024,
            54.1878043
          ],
          [
            -4.4743256,
            54.1876502
          ],
          [
            -4.4744157,
            54.1874602
          ],
          [
            -4.4745477,
            54.187212
          ],
          [
            -4.4747529,
            54.1868168
          ],
          [
            -4.4749853,
            54.1863628
          ],
          [
            -4.4750057,
            54.186323
          ],
          [
            -4.4751543,
            54.1859868
          ],
          [
            -4.4751936,
            54.1858752
          ],
          [
            -4.4752245,
            54.1857618
          ],
          [
            -4.475249,
            54.1856574
          ],
          [
            -4.4753226,
            54.1851039
          ],
          [
            -4.4754786,
            54.1840557
          ],
          [
            -4.4754839,
            54.1840178
          ],
          [
            -4.475521,
            54.1837537
          ],
          [
            -4.4755309,
            54.1836333
          ],
          [
            -4.4755285,
            54.1835264
          ],
          [
            -4.4755201,
            54.1834475
          ],
          [
            -4.4755176,
            54.1834242
          ],
          [
            -4.4755017,
            54.1833304
          ],
          [
            -4.4754716,
            54.1832272
          ],
          [
            -4.475428,
            54.1831079
          ],
          [
            -4.4753465,
            54.182945
          ],
          [
            -4.4751783,
            54.1826603
          ],
          [
            -4.4750548,
            54.1824656
          ],
          [
            -4.4749432,
            54.1823004
          ],
          [
            -4.4748382,
            54.1821373
          ],
          [
            -4.47476,
            54.1820374
          ],
          [
            -4.474654,
            54.1819327
          ],
          [
            -4.4745409,
            54.1818357
          ],
          [
            -4.4741719,
            54.1815679
          ],
          [
            -4.4738402,
            54.1813358
          ],
          [
            -4.4736855,
            54.181233
          ],
          [
            -4.4735667,
            54.1811622
          ],
          [
            -4.473447,
            54.1811005
          ],
          [
            -4.4726869,
            54.1807726
          ],
          [
            -4.4721211,
            54.1805373
          ],
          [
            -4.4711232,
            54.1801478
          ],
          [
            -4.4707928,
            54.1800137
          ],
          [
            -4.4705754,
            54.1799216
          ],
          [
            -4.4704484,
            54.1798661
          ],
          [
            -4.470351,
            54.1798118
          ],
          [
            -4.4702931,
            54.1797718
          ],
          [
            -4.4702471,
            54.1797301
          ],
          [
            -4.4701422,
            54.1796701
          ],
          [
            -4.4701914,
            54.1795956
          ],
          [
            -4.4702098,
            54.1795696
          ],
          [
            -4.4702215,
            54.1795545
          ],
          [
            -4.4702723,
            54.1794955
          ],
          [
            -4.470689,
            54.1790036
          ],
          [
            -4.4709611,
            54.1786767
          ],
          [
            -4.4710866,
            54.1785332
          ],
          [
            -4.4711804,
            54.1784284
          ],
          [
            -4.471282,
            54.1783001
          ],
          [
            -4.4713873,
            54.178146
          ],
          [
            -4.471514,
            54.1778746
          ],
          [
            -4.4715587,
            54.1777622
          ],
          [
            -4.4715834,
            54.1776894
          ],
          [
            -4.4715915,
            54.1776291
          ],
          [
            -4.4715922,
            54.177588
          ],
          [
            -4.4715929,
            54.1775127
          ],
          [
            -4.4715733,
            54.1774348
          ],
          [
            -4.4715398,
            54.177361
          ],
          [
            -4.4714805,
            54.1772718
          ],
          [
            -4.4714117,
            54.1771886
          ],
          [
            -4.4712583,
            54.1770309
          ],
          [
            -4.4707563,
            54.1765318
          ],
          [
            -4.4699697,
            54.1757427
          ],
          [
            -4.469135,
            54.1749217
          ],
          [
            -4.4690627,
            54.1748543
          ],
          [
            -4.4688179,
            54.1746146
          ],
          [
            -4.4687603,
            54.1745522
          ],
          [
            -4.4687202,
            54.1745052
          ],
          [
            -4.4686883,
            54.1744646
          ],
          [
            -4.4686177,
            54.1743637
          ],
          [
            -4.4686576,
            54.1742581
          ],
          [
            -4.4688082,
            54.1739347
          ],
          [
            -4.4688621,
            54.1737346
          ],
          [
            -4.468868,
            54.1735596
          ],
          [
            -4.4687681,
            54.173161
          ],
          [
            -4.468598,
            54.1726817
          ],
          [
            -4.4684509,
            54.1724306
          ],
          [
            -4.4684063,
            54.1723435
          ],
          [
            -4.4683374,
            54.1721552
          ],
          [
            -4.4682707,
            54.1720655
          ],
          [
            -4.4681803,
            54.171998
          ],
          [
            -4.4680824,
            54.1719554
          ],
          [
            -4.468009,
            54.1719153
          ],
          [
            -4.4679327,
            54.1718615
          ],
          [
            -4.467955,
            54.1718388
          ],
          [
            -4.467965,
            54.1718132
          ],
          [
            -4.4680618,
            54.1718252
          ],
          [
            -4.4681548,
            54.171842
          ],
          [
            -4.4685328,
            54.1720433
          ],
          [
            -4.4686292,
            54.1720676
          ],
          [
            -4.4688038,
            54.172029
          ],
          [
            -4.4689106,
            54.1719508
          ],
          [
            -4.4689875,
            54.1718434
          ],
          [
            -4.4691381,
            54.1715487
          ],
          [
            -4.4691615,
            54.1714829
          ],
          [
            -4.469225,
            54.1713381
          ],
          [
            -4.4694183,
            54.1712788
          ],
          [
            -4.4697662,
            54.1711664
          ],
          [
            -4.4703566,
            54.1709269
          ],
          [
            -4.4705907,
            54.1708342
          ],
          [
            -4.4708669,
            54.1707247
          ],
          [
            -4.4717369,
            54.1703798
          ],
          [
            -4.4724567,
            54.170101
          ],
          [
            -4.4737295,
            54.1696201
          ],
          [
            -4.4744297,
            54.1693519
          ],
          [
            -4.4751885,
            54.1690766
          ],
          [
            -4.4754119,
            54.1689953
          ],
          [
            -4.4754658,
            54.1689747
          ],
          [
            -4.4755268,
            54.1689528
          ],
          [
            -4.4760618,
            54.1687603
          ],
          [
            -4.4761318,
            54.1687356
          ],
          [
            -4.4768791,
            54.1684714
          ],
          [
            -4.4771497,
            54.1683765
          ],
          [
            -4.4772445,
            54.16834
          ],
          [
            -4.4775076,
            54.1682386
          ],
          [
            -4.4780529,
            54.1679914
          ],
          [
            -4.4790115,
            54.1675441
          ],
          [
            -4.4793091,
            54.1674055
          ],
          [
            -4.4798308,
            54.1671467
          ],
          [
            -4.4801974,
            54.1669634
          ],
          [
            -4.4805178,
            54.1668032
          ],
          [
            -4.4805731,
            54.1667735
          ],
          [
            -4.480633,
            54.166743
          ],
          [
            -4.4808047,
            54.1666553
          ],
          [
            -4.4812335,
            54.1664472
          ],
          [
            -4.481483,
            54.1663189
          ],
          [
            -4.4819197,
            54.1661059
          ],
          [
            -4.4823209,
            54.1659376
          ],
          [
            -4.4830336,
            54.165662
          ],
          [
            -4.4833721,
            54.1655309
          ],
          [
            -4.4836047,
            54.1654354
          ],
          [
            -4.4836747,
            54.1654048
          ],
          [
            -4.4839255,
            54.165269
          ],
          [
            -4.4840971,
            54.1651738
          ],
          [
            -4.4841437,
            54.1651485
          ],
          [
            -4.4841902,
            54.1651231
          ],
          [
            -4.4843201,
            54.1650485
          ],
          [
            -4.4845525,
            54.1649103
          ],
          [
            -4.4854558,
            54.1643354
          ],
          [
            -4.4855174,
            54.1642962
          ],
          [
            -4.4858388,
            54.1641061
          ],
          [
            -4.4864908,
            54.1637908
          ],
          [
            -4.4871101,
            54.163492
          ],
          [
            -4.4878437,
            54.1631004
          ],
          [
            -4.4885519,
            54.1626732
          ],
          [
            -4.4888592,
            54.1624764
          ],
          [
            -4.4891219,
            54.1622883
          ],
          [
            -4.4894191,
            54.1620637
          ],
          [
            -4.4898271,
            54.1616959
          ],
          [
            -4.4898624,
            54.1616685
          ],
          [
            -4.4899187,
            54.1616199
          ],
          [
            -4.4900335,
            54.1615343
          ],
          [
            -4.4901493,
            54.161465
          ],
          [
            -4.4902066,
            54.1614326
          ],
          [
            -4.4902663,
            54.1613992
          ],
          [
            -4.4902934,
            54.1613845
          ],
          [
            -4.4914916,
            54.1608133
          ],
          [
            -4.4927949,
            54.1601909
          ],
          [
            -4.4931331,
            54.1600294
          ],
          [
            -4.4938064,
            54.1597138
          ],
          [
            -4.4946721,
            54.1592964
          ],
          [
            -4.494743,
            54.1592622
          ],
          [
            -4.4950262,
            54.1591264
          ],
          [
            -4.495798,
            54.1587563
          ],
          [
            -4.4960956,
            54.1586135
          ],
          [
            -4.4963056,
            54.1585169
          ],
          [
            -4.4964311,
            54.1584591
          ],
          [
            -4.496738,
            54.158322
          ],
          [
            -4.4968024,
            54.1582955
          ],
          [
            -4.4972788,
            54.1580996
          ],
          [
            -4.4980804,
            54.1577478
          ],
          [
            -4.4983301,
            54.1576374
          ],
          [
            -4.4986224,
            54.1574712
          ],
          [
            -4.4988811,
            54.1573241
          ],
          [
            -4.4989738,
            54.1572694
          ],
          [
            -4.4990808,
            54.1572017
          ],
          [
            -4.4991727,
            54.1571433
          ],
          [
            -4.499475,
            54.1569531
          ],
          [
            -4.4995058,
            54.1569337
          ],
          [
            -4.4995677,
            54.1568916
          ],
          [
            -4.4996756,
            54.1568264
          ],
          [
            -4.4998346,
            54.1567304
          ],
          [
            -4.5002335,
            54.1564894
          ],
          [
            -4.5002798,
            54.156459
          ],
          [
            -4.5005174,
            54.1563034
          ],
          [
            -4.5006924,
            54.1561688
          ],
          [
            -4.5008567,
            54.1560152
          ],
          [
            -4.5009828,
            54.155885
          ],
          [
            -4.5010778,
            54.1558039
          ],
          [
            -4.501192,
            54.1557278
          ],
          [
            -4.5012655,
            54.155693
          ],
          [
            -4.5013182,
            54.1557151
          ],
          [
            -4.50146,
            54.1557871
          ],
          [
            -4.5015207,
            54.1558167
          ],
          [
            -4.5017835,
            54.1559637
          ],
          [
            -4.5020439,
            54.1564259
          ],
          [
            -4.5030249,
            54.1581675
          ],
          [
            -4.5037551,
            54.1594391
          ],
          [
            -4.5039264,
            54.1597288
          ],
          [
            -4.5042416,
            54.1603735
          ],
          [
            -4.5043198,
            54.160507
          ],
          [
            -4.5044696,
            54.1607081
          ],
          [
            -4.5046359,
            54.1609248
          ],
          [
            -4.5049459,
            54.1613095
          ],
          [
            -4.5049824,
            54.1613406
          ],
          [
            -4.5050305,
            54.1613315
          ],
          [
            -4.5050801,
            54.1613373
          ],
          [
            -4.5051185,
            54.1613566
          ],
          [
            -4.5051357,
            54.1613845
          ],
          [
            -4.5051791,
            54.1613835
          ],
          [
            -4.5053188,
            54.1613822
          ],
          [
            -4.5060585,
            54.1613745
          ],
          [
            -4.5062372,
            54.1614101
          ],
          [
            -4.5063533,
            54.1614592
          ],
          [
            -4.5064498,
            54.1615408
          ],
          [
            -4.5066824,
            54.161754
          ],
          [
            -4.5068046,
            54.161866
          ],
          [
            -4.5070902,
            54.1621309
          ],
          [
            -4.5072346,
            54.1622384
          ],
          [
            -4.5076776,
            54.162536
          ],
          [
            -4.5080542,
            54.1627845
          ],
          [
            -4.508503,
            54.1630586
          ],
          [
            -4.5088454,
            54.1632678
          ],
          [
            -4.510172,
            54.1641033
          ],
          [
            -4.5106632,
            54.1643957
          ],
          [
            -4.5108104,
            54.1644833
          ],
          [
            -4.5114282,
            54.1648158
          ],
          [
            -4.5124707,
            54.1653642
          ],
          [
            -4.5130685,
            54.1657015
          ],
          [
            -4.5132604,
            54.1657998
          ],
          [
            -4.5137501,
            54.166052
          ],
          [
            -4.5140344,
            54.1661745
          ],
          [
            -4.5144689,
            54.16633
          ],
          [
            -4.515169,
            54.1665639
          ],
          [
            -4.5158232,
            54.1667556
          ],
          [
            -4.5163114,
            54.1668992
          ],
          [
            -4.5167009,
            54.1670163
          ],
          [
            -4.517363,
            54.1672234
          ],
          [
            -4.5177332,
            54.1673538
          ],
          [
            -4.5180732,
            54.1674872
          ],
          [
            -4.5184621,
            54.1676866
          ],
          [
            -4.5189455,
            54.1679379
          ],
          [
            -4.5191852,
            54.1680648
          ],
          [
            -4.5192948,
            54.1681134
          ],
          [
            -4.5194064,
            54.1681528
          ],
          [
            -4.5195281,
            54.1681926
          ],
          [
            -4.5197168,
            54.1682396
          ],
          [
            -4.5202821,
            54.1683645
          ],
          [
            -4.5205862,
            54.1684286
          ],
          [
            -4.5208542,
            54.1684887
          ],
          [
            -4.5212565,
            54.1685749
          ],
          [
            -4.5215532,
            54.1686459
          ],
          [
            -4.5218048,
            54.1687135
          ],
          [
            -4.5219356,
            54.1687698
          ],
          [
            -4.5220296,
            54.1688173
          ],
          [
            -4.5221443,
            54.168891
          ],
          [
            -4.5222339,
            54.1689663
          ],
          [
            -4.5223425,
            54.1690826
          ],
          [
            -4.5224365,
            54.1691793
          ],
          [
            -4.5225056,
            54.1692418
          ],
          [
            -4.522581,
            54.1693091
          ],
          [
            -4.5226734,
            54.1693912
          ],
          [
            -4.5227329,
            54.1694387
          ],
          [
            -4.5228002,
            54.1694855
          ],
          [
            -4.5229138,
            54.1695489
          ],
          [
            -4.5230386,
            54.1696148
          ],
          [
            -4.5231445,
            54.1696651
          ],
          [
            -4.5232632,
            54.1697122
          ],
          [
            -4.5234032,
            54.1697577
          ],
          [
            -4.5234831,
            54.1697806
          ],
          [
            -4.5235175,
            54.1697893
          ],
          [
            -4.5236975,
            54.1698351
          ],
          [
            -4.5238214,
            54.169863
          ],
          [
            -4.5238752,
            54.1698751
          ],
          [
            -4.5240765,
            54.1699289
          ],
          [
            -4.5244886,
            54.1700446
          ],
          [
            -4.5246522,
            54.1700832
          ],
          [
            -4.5248598,
            54.1701194
          ],
          [
            -4.5250073,
            54.1701392
          ],
          [
            -4.5252058,
            54.1701695
          ],
          [
            -4.5255328,
            54.1702013
          ],
          [
            -4.5258495,
            54.1702256
          ],
          [
            -4.5267588,
            54.1703151
          ],
          [
            -4.5271313,
            54.1703743
          ],
          [
            -4.5274716,
            54.1704238
          ],
          [
            -4.5276289,
            54.1704476
          ],
          [
            -4.5277818,
            54.1704708
          ],
          [
            -4.5279195,
            54.1704891
          ],
          [
            -4.5286699,
            54.1705825
          ],
          [
            -4.5293847,
            54.1706715
          ],
          [
            -4.5308397,
            54.1708549
          ],
          [
            -4.5323358,
            54.1710404
          ],
          [
            -4.5341581,
            54.1712841
          ],
          [
            -4.5362237,
            54.1715385
          ],
          [
            -4.5371389,
            54.1716469
          ],
          [
            -4.5376356,
            54.1717081
          ],
          [
            -4.5388904,
            54.1718673
          ],
          [
            -4.5392551,
            54.1719166
          ],
          [
            -4.5394664,
            54.1719448
          ],
          [
            -4.5397127,
            54.1719903
          ],
          [
            -4.5399756,
            54.1720413
          ],
          [
            -4.5422342,
            54.1724915
          ],
          [
            -4.543119,
            54.172684
          ],
          [
            -4.5450052,
            54.1730547
          ],
          [
            -4.5456864,
            54.1731818
          ],
          [
            -4.5459406,
            54.1732318
          ],
          [
            -4.5467895,
            54.1734012
          ],
          [
            -4.5473693,
            54.1735156
          ],
          [
            -4.5478146,
            54.1736053
          ],
          [
            -4.5478427,
            54.1736109
          ],
          [
            -4.5486027,
            54.1737634
          ],
          [
            -4.5490192,
            54.173852
          ],
          [
            -4.5492173,
            54.1739159
          ],
          [
            -4.549321,
            54.1739575
          ],
          [
            -4.5495238,
            54.1740456
          ],
          [
            -4.5497882,
            54.1741664
          ],
          [
            -4.5499505,
            54.1742441
          ],
          [
            -4.5501052,
            54.174319
          ],
          [
            -4.5504287,
            54.1744887
          ],
          [
            -4.5505205,
            54.1745369
          ],
          [
            -4.5507188,
            54.1746444
          ],
          [
            -4.550955,
            54.1747724
          ],
          [
            -4.5515202,
            54.1751104
          ],
          [
            -4.5515692,
            54.1751397
          ],
          [
            -4.5522264,
            54.1755777
          ],
          [
            -4.5531637,
            54.1762288
          ],
          [
            -4.5538041,
            54.1766723
          ],
          [
            -4.5541251,
            54.1768946
          ],
          [
            -4.5541716,
            54.1769278
          ],
          [
            -4.5544318,
            54.1771031
          ],
          [
            -4.5546485,
            54.1772494
          ],
          [
            -4.5546912,
            54.1772783
          ],
          [
            -4.554871,
            54.1774004
          ],
          [
            -4.5552719,
            54.177667
          ],
          [
            -4.5557814,
            54.1780258
          ],
          [
            -4.5558876,
            54.1781005
          ],
          [
            -4.5564863,
            54.1785045
          ],
          [
            -4.5580736,
            54.1795745
          ],
          [
            -4.5588595,
            54.1801177
          ],
          [
            -4.5595991,
            54.1806403
          ],
          [
            -4.5603508,
            54.1812039
          ],
          [
            -4.5605061,
            54.1813004
          ],
          [
            -4.5606539,
            54.1814064
          ],
          [
            -4.5608014,
            54.1814974
          ],
          [
            -4.5610106,
            54.1816246
          ],
          [
            -4.5612252,
            54.1817376
          ],
          [
            -4.5613861,
            54.1818239
          ],
          [
            -4.5615149,
            54.1818845
          ],
          [
            -4.5617858,
            54.182006
          ],
          [
            -4.5629257,
            54.1824518
          ],
          [
            -4.5634541,
            54.1826527
          ],
          [
            -4.5639833,
            54.182875
          ],
          [
            -4.5649239,
            54.1833245
          ],
          [
            -4.5652824,
            54.1834946
          ],
          [
            -4.5659343,
            54.1838027
          ]
        ]
      }
    }
  ]
}
