{
  "type": "FeatureCollection",
  "features": [
    {
      "type": "Feature",
      "id": 3875,
      "geometry": {
        "type": "LineString",
        "coordinates": [
          [
            -97.09490762468491,
            32.753094680857714
          ],
          [
            -97.09488932765481,
            32.75383928246556
          ]
        ]
      },
      "properties": {
        "OBJECTID": 3875,
        "fullname": "NEW HAVEN ST",
        "LifecycleStatus": "Active",
        "Ownership": "City",
        "last_edited_date": 1624904917000
      }
    },
    {
      "type": "Feature",
      "id": 3876,
      "geometry": {
        "type": "LineString",
        "coordinates": [
          [
            -97.09727678837534,
            32.75315306368312
          ],
          [
            -97.09716469347515,
            32.75313833573257
          ],
          [
            -97.09701999825093,
            32.75313555628085
          ],
          [
            -97.09582574686661,
            32.75312755712105
          ],
          [
            -97.09506466319827,
            32.75309552452485
          ],
          [
            -97.09490762468491,
            32.753094680857714
          ]
        ]
      },
      "properties": {
        "OBJECTID": 3876,
        "fullname": "WOODBROOK ST",
        "LifecycleStatus": "Active",
        "Ownership": "City",
        "last_edited_date": 1624904920000
      }
    },
    {
      "type": "Feature",
      "id": 3877,
      "geometry": {
        "type": "LineString",
        "coordinates": [
          [
            -97.09084204128534,
            32.75306680918853
          ],
          [
            -97.09083492869104,
            32.75381975026288
          ]
        ]
      },
      "properties": {
        "OBJECTID": 3877,
        "fullname": "WILDWOOD DR",
        "LifecycleStatus": "Active",
        "Ownership": "City",
        "last_edited_date": 1624904922000
      }
    },
    {
      "type": "Feature",
      "id": 3878,
      "geometry": {
        "type": "LineString",
        "coordinates": [
          [
            -97.09490762468491,
            32.753094680857714
          ],
          [
            -97.09349164509229,
            32.75308022854428
          ],
          [
            -97.09334135938485,
            32.75307883360992
          ],
          [
            -97.09326622930188,
            32.75307737242558
          ],
          [
            -97.09084204128534,
            32.75306680918853
          ]
        ]
      },
      "properties": {
        "OBJECTID": 3878,
        "fullname": "WOODBROOK ST",
        "LifecycleStatus": "Active",
        "Ownership": "City",
        "last_edited_date": 1624904924000
      }
    },
    {
      "type": "Feature",
      "id": 3880,
      "geometry": {
        "type": "LineString",
        "coordinates": [
          [
            -97.09361661154252,
            32.75231323567944
          ],
          [
            -97.09267328874898,
            32.75231014722699
          ]
        ]
      },
      "properties": {
        "OBJECTID": 3880,
        "fullname": "RED CEDAR LN",
        "LifecycleStatus": "Active",
        "Ownership": "Private",
        "last_edited_date": 1624994014000
      }
    },
    {
      "type": "Feature",
      "id": 3883,
      "geometry": {
        "type": "LineString",
        "coordinates": [
          [
            -97.09243898787462,
            32.75209377998324
          ],
          [
            -97.09108303029699,
            32.752073361985026
          ]
        ]
      },
      "properties": {
        "OBJECTID": 3883,
        "fullname": "CEDARLAND PLAZA DR",
        "LifecycleStatus": "Active",
        "Ownership": "City",
        "last_edited_date": 1624904937000
      }
    },
    {
      "type": "Feature",
      "id": 3884,
      "geometry": {
        "type": "LineString",
        "coordinates": [
          [
            -97.09243898787462,
            32.75209377998324
          ],
          [
            -97.0924327014002,
            32.75228351293102
          ],
          [
            -97.09267328874898,
            32.75231014722699
          ]
        ]
      },
      "properties": {
        "OBJECTID": 3884,
        "fullname": "RED CEDAR LN",
        "LifecycleStatus": "Active",
        "Ownership": "Private",
        "last_edited_date": 1624904939000
      }
    },
    {
      "type": "Feature",
      "id": 3885,
      "geometry": {
        "type": "LineString",
        "coordinates": [
          [
            -97.09249623598059,
            32.75193503261849
          ],
          [
            -97.09171973299006,
            32.751916287056495
          ]
        ]
      },
      "properties": {
        "OBJECTID": 3885,
        "fullname": "ENCLAVE DR",
        "LifecycleStatus": "Active",
        "Ownership": "Private",
        "last_edited_date": 1624904941000
      }
    },
    {
      "type": "Feature",
      "id": 3886,
      "geometry": {
        "type": "LineString",
        "coordinates": [
          [
            -97.0910859829274,
            32.75186421741653
          ],
          [
            -97.09108303029699,
            32.752073361985026
          ]
        ]
      },
      "properties": {
        "OBJECTID": 3886,
        "fullname": "ENCLAVE DR",
        "LifecycleStatus": "Active",
        "Ownership": "Private",
        "last_edited_date": 1624904943000
      }
    },
    {
      "type": "Feature",
      "id": 3887,
      "geometry": {
        "type": "LineString",
        "coordinates": [
          [
            -97.09171973299006,
            32.751916287056495
          ],
          [
            -97.0910859829274,
            32.75186421741653
          ]
        ]
      },
      "properties": {
        "OBJECTID": 3887,
        "fullname": "ENCLAVE DR",
        "LifecycleStatus": "Active",
        "Ownership": "Private",
        "last_edited_date": 1624904945000
      }
    },
    {
      "type": "Feature",
      "id": 3888,
      "geometry": {
        "type": "LineString",
        "coordinates": [
          [
            -97.0910859829274,
            32.75186421741653
          ],
          [
            -97.0904146776137,
            32.75191392390001
          ]
        ]
      },
      "properties": {
        "OBJECTID": 3888,
        "fullname": "ENCLAVE DR",
        "LifecycleStatus": "Active",
        "Ownership": "Private",
        "last_edited_date": 1624904947000
      }
    },
    {
      "type": "Feature",
      "id": 4064,
      "geometry": {
        "type": "LineString",
        "coordinates": [
          [
            -97.09362003984893,
            32.7514953558677
          ],
          [
            -97.09362032372398,
            32.7515023634326
          ],
          [
            -97.09361661154252,
            32.75231323567944
          ]
        ]
      },
      "properties": {
        "OBJECTID": 4064,
        "fullname": "RED CEDAR LN",
        "LifecycleStatus": "Active",
        "Ownership": "Private",
        "last_edited_date": 1624905376000
      }
    },
    {
      "type": "Feature",
      "id": 4065,
      "geometry": {
        "type": "LineString",
        "coordinates": [
          [
            -97.09729069557885,
            32.75214321550559
          ],
          [
            -97.09705322827388,
            32.75214559877699
          ],
          [
            -97.09575910287039,
            32.75211855885676
          ],
          [
            -97.09569219059537,
            32.75211818404412
          ],
          [
            -97.09569049853955,
            32.75211812434427
          ],
          [
            -97.09562875764811,
            32.75211595790203
          ],
          [
            -97.095627066377,
            32.752115848605904
          ],
          [
            -97.09556545966636,
            32.752111862945064
          ],
          [
            -97.09556377051399,
            32.75211170406775
          ],
          [
            -97.0955023686482,
            32.75210590224166
          ],
          [
            -97.09550069363738,
            32.752105692791574
          ],
          [
            -97.09543955522193,
            32.752098081099504
          ],
          [
            -97.09543788761206,
            32.75209782551002
          ],
          [
            -97.09537710849405,
            32.75208841743634
          ],
          [
            -97.09537545370993,
            32.752088110131886
          ],
          [
            -97.09531510839427,
            32.75207691892008
          ],
          [
            -97.09531346373257,
            32.752076562124884
          ],
          [
            -97.095253606805,
            32.752063595156656
          ],
          [
            -97.09525198427075,
            32.75206318900639
          ],
          [
            -97.09519269679826,
            32.752048466363725
          ],
          [
            -97.0951910870187,
            32.752048013007276
          ],
          [
            -97.0951324554572,
            32.752031551451246
          ],
          [
            -97.09513086771608,
            32.75203105437557
          ],
          [
            -97.09507294647244,
            32.752012872559966
          ],
          [
            -97.09507137554135,
            32.752012324941866
          ],
          [
            -97.09501423632703,
            32.751992443970686
          ],
          [
            -97.09501269542001,
            32.75199185385108
          ],
          [
            -97.09495641517475,
            32.75197030165202
          ],
          [
            -97.09495489500819,
            32.7519696655439
          ],
          [
            -97.09489953607014,
            32.7519464653701
          ],
          [
            -97.09489804331352,
            32.75194578334893
          ],
          [
            -97.09484449851114,
            32.75192133761851
          ],
          [
            -97.09484245386739,
            32.75192029085467
          ],
          [
            -97.09444385133916,
            32.7517162964272
          ],
          [
            -97.09438088673012,
            32.751687040596906
          ],
          [
            -97.09431715195441,
            32.7516598334764
          ],
          [
            -97.09425584432948,
            32.751635889322785
          ],
          [
            -97.09418642132381,
            32.75161110253496
          ],
          [
            -97.09411975442461,
            32.751589698550056
          ],
          [
            -97.09405215212719,
            32.751570245574435
          ],
          [
            -97.09398379227423,
            32.75155280198664
          ],
          [
            -97.09391475462614,
            32.75153738559821
          ],
          [
            -97.09384512164667,
            32.75152401199664
          ],
          [
            -97.09377498108117,
            32.75151270021156
          ],
          [
            -97.09370441276101,
            32.75150346354627
          ],
          [
            -97.09363351391126,
            32.75149631211908
          ],
          [
            -97.09362003984893,
            32.7514953558677
          ]
        ]
      },
      "properties": {
        "OBJECTID": 4065,
        "fullname": "CEDARLAND BLV",
        "LifecycleStatus": "Active",
        "Ownership": "City",
        "last_edited_date": 1624905379000
      }
    },
    {
      "type": "Feature",
      "id": 4066,
      "geometry": {
        "type": "LineString",
        "coordinates": [
          [
            -97.09271682334978,
            32.75148413532238
          ],
          [
            -97.09272365724777,
            32.75161487382201
          ],
          [
            -97.09271788182522,
            32.75197917576986
          ],
          [
            -97.09268771757658,
            32.752020397064356
          ],
          [
            -97.0926510398444,
            32.75205877466251
          ],
          [
            -97.09260146831782,
            32.75208315088846
          ],
          [
            -97.09252099353573,
            32.75209193741148
          ],
          [
            -97.09243898787462,
            32.75209377998324
          ]
        ]
      },
      "properties": {
        "OBJECTID": 4066,
        "fullname": "CEDARLAND PLAZA DR",
        "LifecycleStatus": "Active",
        "Ownership": "City",
        "last_edited_date": 1624905383000
      }
    },
    {
      "type": "Feature",
      "id": 4067,
      "geometry": {
        "type": "LineString",
        "coordinates": [
          [
            -97.09362003984893,
            32.7514953558677
          ],
          [
            -97.09356205236665,
            32.751492257936306
          ],
          [
            -97.09349518881922,
            32.75149060517614
          ],
          [
            -97.09271682334978,
            32.75148413532238
          ]
        ]
      },
      "properties": {
        "OBJECTID": 4067,
        "fullname": "CEDARLAND BLV",
        "LifecycleStatus": "Active",
        "Ownership": "City",
        "last_edited_date": 1624905385000
      }
    },
    {
      "type": "Feature",
      "id": 4068,
      "geometry": {
        "type": "LineString",
        "coordinates": [
          [
            -97.09853051214131,
            32.751483842511085
          ],
          [
            -97.09743454468334,
            32.75148114458915
          ],
          [
            -97.09730767887166,
            32.75148037152313
          ]
        ]
      },
      "properties": {
        "OBJECTID": 4068,
        "fullname": "MURRAY AVE",
        "LifecycleStatus": "Active",
        "Ownership": "City",
        "last_edited_date": 1624905388000
      }
    },
    {
      "type": "Feature",
      "id": 4069,
      "geometry": {
        "type": "LineString",
        "coordinates": [
          [
            -97.09853051214131,
            32.751483842511085
          ],
          [
            -97.09849853684884,
            32.7540185544553
          ],
          [
            -97.09849920206739,
            32.754087117304294
          ]
        ]
      },
      "properties": {
        "OBJECTID": 4069,
        "fullname": "PARK ST",
        "LifecycleStatus": "Active",
        "Ownership": "City",
        "last_edited_date": 1624905390000
      }
    },
    {
      "type": "Feature",
      "id": 4070,
      "geometry": {
        "type": "LineString",
        "coordinates": [
          [
            -97.09967227399677,
            32.75149873295196
          ],
          [
            -97.0995698411312,
            32.75149897246659
          ],
          [
            -97.09853051214131,
            32.751483842511085
          ]
        ]
      },
      "properties": {
        "OBJECTID": 4070,
        "fullname": "MURRAY AVE",
        "LifecycleStatus": "Active",
        "Ownership": "City",
        "last_edited_date": 1624905392000
      }
    },
    {
      "type": "Feature",
      "id": 4071,
      "geometry": {
        "type": "LineString",
        "coordinates": [
          [
            -97.09967227399677,
            32.75149873295196
          ],
          [
            -97.0996457159508,
            32.75409061274504
          ]
        ]
      },
      "properties": {
        "OBJECTID": 4071,
        "fullname": "ROOSEVELT ST",
        "LifecycleStatus": "Active",
        "Ownership": "City",
        "last_edited_date": 1624905394000
      }
    },
    {
      "type": "Feature",
      "id": 4072,
      "geometry": {
        "type": "LineString",
        "coordinates": [
          [
            -97.09171973299006,
            32.751916287056495
          ],
          [
            -97.09171416804178,
            32.75162475694369
          ],
          [
            -97.09142537286618,
            32.75134398485299
          ],
          [
            -97.09077481308383,
            32.75134184376309
          ],
          [
            -97.09041895271629,
            32.751672761203
          ],
          [
            -97.0904146776137,
            32.75191392390001
          ]
        ]
      },
      "properties": {
        "OBJECTID": 4072,
        "fullname": "ENCLAVE WAY",
        "LifecycleStatus": "Active",
        "Ownership": "Private",
        "last_edited_date": 1624905397000
      }
    },
    {
      "type": "Feature",
      "id": 4074,
      "geometry": {
        "type": "LineString",
        "coordinates": [
          [
            -97.09109528622638,
            32.750153472025616
          ],
          [
            -97.09109389610484,
            32.75018129444306
          ],
          [
            -97.09109205952899,
            32.75057985903281
          ]
        ]
      },
      "properties": {
        "OBJECTID": 4074,
        "fullname": "ENCLAVE CIR",
        "LifecycleStatus": "Active",
        "Ownership": "Private",
        "last_edited_date": 1624905401000
      }
    },
    {
      "type": "Feature",
      "id": 4076,
      "geometry": {
        "type": "LineString",
        "coordinates": [
          [
            -97.09969567051594,
            32.750071811786185
          ],
          [
            -97.09969267259021,
            32.75013677764898
          ],
          [
            -97.09967227399677,
            32.75149873295196
          ]
        ]
      },
      "properties": {
        "OBJECTID": 4076,
        "fullname": "ROOSEVELT ST",
        "LifecycleStatus": "Active",
        "Ownership": "City",
        "last_edited_date": 1624905405000
      }
    },
    {
      "type": "Feature",
      "id": 4086,
      "geometry": {
        "type": "LineString",
        "coordinates": [
          [
            -97.10032481510719,
            32.748019769891634
          ],
          [
            -97.09967869201905,
            32.7480166089835
          ],
          [
            -97.09959737535198,
            32.74801621263731
          ],
          [
            -97.09913426176396,
            32.748013944796455
          ]
        ]
      },
      "properties": {
        "OBJECTID": 4086,
        "fullname": "SLAUGHTER ST",
        "LifecycleStatus": "Active",
        "Ownership": "City",
        "last_edited_date": 1624905432000
      }
    },
    {
      "type": "Feature",
      "id": 4087,
      "geometry": {
        "type": "LineString",
        "coordinates": [
          [
            -97.09913426176396,
            32.748013944796455
          ],
          [
            -97.09749827941809,
            32.74800591545094
          ],
          [
            -97.09733046819434,
            32.74800497912746
          ]
        ]
      },
      "properties": {
        "OBJECTID": 4087,
        "fullname": "SLAUGHTER ST",
        "LifecycleStatus": "Active",
        "Ownership": "City",
        "last_edited_date": 1624905434000
      }
    },
    {
      "type": "Feature",
      "id": 4107,
      "geometry": {
        "type": "LineString",
        "coordinates": [
          [
            -97.09914218384478,
            32.74600315300852
          ],
          [
            -97.09913277250966,
            32.7479591073901
          ],
          [
            -97.09913426176396,
            32.748013944796455
          ]
        ]
      },
      "properties": {
        "OBJECTID": 4107,
        "fullname": "ROOSEVELT ST",
        "LifecycleStatus": "Active",
        "Ownership": "City",
        "last_edited_date": 1624905480000
      }
    },
    {
      "type": "Feature",
      "id": 4108,
      "geometry": {
        "type": "LineString",
        "coordinates": [
          [
            -97.10034651044934,
            32.74601018187335
          ],
          [
            -97.09914218384478,
            32.74600315300852
          ]
        ]
      },
      "properties": {
        "OBJECTID": 4108,
        "fullname": "E ROGERS ST",
        "LifecycleStatus": "Active",
        "Ownership": "City",
        "last_edited_date": 1624905482000
      }
    },
    {
      "type": "Feature",
      "id": 4109,
      "geometry": {
        "type": "LineString",
        "coordinates": [
          [
            -97.09914218384478,
            32.74600315300852
          ],
          [
            -97.09734731696966,
            32.74600221651866
          ]
        ]
      },
      "properties": {
        "OBJECTID": 4109,
        "fullname": "E ROGERS ST",
        "LifecycleStatus": "Active",
        "Ownership": "City",
        "last_edited_date": 1624905487000
      }
    },
    {
      "type": "Feature",
      "id": 4112,
      "geometry": {
        "type": "LineString",
        "coordinates": [
          [
            -97.10037860258234,
            32.74509004444788
          ],
          [
            -97.10028697551874,
            32.74508980525269
          ],
          [
            -97.09937013620439,
            32.74507728953964
          ]
        ]
      },
      "properties": {
        "OBJECTID": 4112,
        "fullname": "PEACH ST",
        "LifecycleStatus": "Active",
        "Ownership": "City",
        "last_edited_date": 1624905494000
      }
    },
    {
      "type": "Feature",
      "id": 4113,
      "geometry": {
        "type": "LineString",
        "coordinates": [
          [
            -97.09863860351588,
            32.74500140682523
          ],
          [
            -97.09850381688089,
            32.7449973833032
          ],
          [
            -97.09807557392867,
            32.74499631056793
          ],
          [
            -97.09747985067408,
            32.74499710429274
          ],
          [
            -97.09735571547189,
            32.74500832338197
          ]
        ]
      },
      "properties": {
        "OBJECTID": 4113,
        "fullname": "PEACH ST",
        "LifecycleStatus": "Active",
        "Ownership": "City",
        "last_edited_date": 1624905496000
      }
    },
    {
      "type": "Feature",
      "id": 4122,
      "geometry": {
        "type": "LineString",
        "coordinates": [
          [
            -97.10039562870419,
            32.743264303485866
          ],
          [
            -97.10037454206767,
            32.743264237411
          ],
          [
            -97.0990463543338,
            32.743275737594814
          ]
        ]
      },
      "properties": {
        "OBJECTID": 4122,
        "fullname": "TRUMAN CIR",
        "LifecycleStatus": "Active",
        "Ownership": "Private",
        "last_edited_date": 1624905516000
      }
    },
    {
      "type": "Feature",
      "id": 4128,
      "geometry": {
        "type": "LineString",
        "coordinates": [
          [
            -97.10041509710148,
            32.7427106490786
          ],
          [
            -97.10033104533122,
            32.74271278938287
          ],
          [
            -97.09752161863294,
            32.74277519668165
          ],
          [
            -97.09739284351132,
            32.74277455985066
          ]
        ]
      },
      "properties": {
        "OBJECTID": 4128,
        "fullname": "E SANFORD ST",
        "LifecycleStatus": "Active",
        "Ownership": "City",
        "last_edited_date": 1624905532000
      }
    },
    {
      "type": "Feature",
      "id": 4147,
      "geometry": {
        "type": "LineString",
        "coordinates": [
          [
            -97.0973203512186,
            32.73817803926123
          ],
          [
            -97.09716976127034,
            32.73817757306239
          ],
          [
            -97.09419433638526,
            32.73816935046374
          ],
          [
            -97.09411388368964,
            32.73816912592367
          ]
        ]
      },
      "properties": {
        "OBJECTID": 4147,
        "fullname": "HARRISON AVE",
        "LifecycleStatus": "Active",
        "Ownership": "City",
        "last_edited_date": 1624905578000
      }
    },
    {
      "type": "Feature",
      "id": 5073,
      "geometry": {
        "type": "LineString",
        "coordinates": [
          [
            -97.08923713522287,
            32.75306191050784
          ],
          [
            -97.08922567749056,
            32.753199002959676
          ],
          [
            -97.08922289055498,
            32.753708794449096
          ]
        ]
      },
      "properties": {
        "OBJECTID": 5073,
        "fullname": "WILLOWBROOK ST",
        "LifecycleStatus": "Active",
        "Ownership": "City",
        "last_edited_date": 1624907915000
      }
    },
    {
      "type": "Feature",
      "id": 5074,
      "geometry": {
        "type": "LineString",
        "coordinates": [
          [
            -97.08978629659562,
            32.75305376630043
          ],
          [
            -97.08938580760415,
            32.753049222507116
          ],
          [
            -97.08923713522287,
            32.75306191050784
          ]
        ]
      },
      "properties": {
        "OBJECTID": 5074,
        "fullname": "WOODBROOK ST",
        "LifecycleStatus": "Active",
        "Ownership": "City",
        "last_edited_date": 1624907917000
      }
    },
    {
      "type": "Feature",
      "id": 5077,
      "geometry": {
        "type": "LineString",
        "coordinates": [
          [
            -97.07633407402828,
            32.749943343388814
          ],
          [
            -97.07626129721154,
            32.75018794127916
          ],
          [
            -97.07502193732728,
            32.752399329772494
          ],
          [
            -97.07497816942309,
            32.75249783848199
          ]
        ]
      },
      "properties": {
        "OBJECTID": 5077,
        "fullname": "MAGIC MILE ST",
        "LifecycleStatus": "Active",
        "Ownership": "City",
        "last_edited_date": 1624907925000
      }
    },
    {
      "type": "Feature",
      "id": 5078,
      "geometry": {
        "type": "LineString",
        "coordinates": [
          [
            -97.07633407402828,
            32.749943343388814
          ],
          [
            -97.07608786286274,
            32.74992898245963
          ],
          [
            -97.07607787177605,
            32.74992732351385
          ],
          [
            -97.07607073737151,
            32.74992613922024
          ],
          [
            -97.07605302457256,
            32.74992514490725
          ],
          [
            -97.07604953507463,
            32.74992494823049
          ],
          [
            -97.07539849360542,
            32.749922156221054
          ],
          [
            -97.0753979693313,
            32.7499221547223
          ],
          [
            -97.07531887995728,
            32.74992242867974
          ],
          [
            -97.07531689203721,
            32.74992243633562
          ],
          [
            -97.07523639567434,
            32.74992509091105
          ],
          [
            -97.07523440812923,
            32.749925158320735
          ],
          [
            -97.07515407243882,
            32.74993018667804
          ],
          [
            -97.07515209464161,
            32.74993031169414
          ],
          [
            -97.07507201316726,
            32.74993770363222
          ],
          [
            -97.0750700344832,
            32.74993788387818
          ],
          [
            -97.07499030729316,
            32.74994763828999
          ],
          [
            -97.0749883383024,
            32.74994787952391
          ],
          [
            -97.07490906173489,
            32.74995997834932
          ],
          [
            -97.07490711188278,
            32.74996027391529
          ],
          [
            -97.07482838761155,
            32.749974699155516
          ],
          [
            -97.0748264434509,
            32.74997505566365
          ],
          [
            -97.07474835434947,
            32.74999179699627
          ],
          [
            -97.07474642927286,
            32.74999221121803
          ],
          [
            -97.07466908781291,
            32.75001124287699
          ],
          [
            -97.07466717653911,
            32.75001171136974
          ],
          [
            -97.07459066301737,
            32.75003301736667
          ],
          [
            -97.07458877619894,
            32.75003354137991
          ],
          [
            -97.0745131952294,
            32.750057086840116
          ],
          [
            -97.07451133155047,
            32.75005766523146
          ],
          [
            -97.07443676490914,
            32.750083425164945
          ],
          [
            -97.07443492031373,
            32.75008406127008
          ],
          [
            -97.07436146580125,
            32.750112009743376
          ],
          [
            -97.07436071949249,
            32.750112293174084
          ],
          [
            -97.07395356691424,
            32.750346654452294
          ],
          [
            -97.07386255509346,
            32.7503825036541
          ],
          [
            -97.07375928198188,
            32.75040503649896
          ],
          [
            -97.07367164122931,
            32.75042511395313
          ],
          [
            -97.07360077867362,
            32.75044083717191
          ]
        ]
      },
      "properties": {
        "OBJECTID": 5078,
        "fullname": "ARLINGTON DOWNS RD",
        "LifecycleStatus": "Active",
        "Ownership": "City",
        "last_edited_date": 1624907927000
      }
    },
    {
      "type": "Feature",
      "id": 5079,
      "geometry": {
        "type": "LineString",
        "coordinates": [
          [
            -97.07962799489611,
            32.74971681385269
          ],
          [
            -97.0795316030914,
            32.749822108229075
          ],
          [
            -97.079424529413,
            32.74993321157104
          ],
          [
            -97.07942408718313,
            32.74993366874015
          ],
          [
            -97.07940552957672,
            32.74995361747338
          ],
          [
            -97.07938757491284,
            32.749969234964055
          ],
          [
            -97.07937600118984,
            32.74997768425962
          ],
          [
            -97.0793545287552,
            32.749990785833404
          ],
          [
            -97.07934078204315,
            32.74999771877798
          ],
          [
            -97.07932587027314,
            32.75000409275772
          ],
          [
            -97.07931046588953,
            32.75000957048127
          ],
          [
            -97.07929463861366,
            32.75001413019787
          ],
          [
            -97.07927848093252,
            32.750017744780074
          ],
          [
            -97.07926206512694,
            32.75002039927056
          ],
          [
            -97.07924537261383,
            32.750022087820014
          ],
          [
            -97.07923146036114,
            32.75002269204469
          ],
          [
            -97.07678916298842,
            32.749968258748865
          ],
          [
            -97.07677775797902,
            32.74996766707716
          ],
          [
            -97.07677566652741,
            32.74996755857902
          ],
          [
            -97.07674491580138,
            32.74996730233453
          ],
          [
            -97.07633407402828,
            32.749943343388814
          ]
        ]
      },
      "properties": {
        "OBJECTID": 5079,
        "fullname": "ARLINGTON DOWNS RD",
        "LifecycleStatus": "Active",
        "Ownership": "City",
        "last_edited_date": 1624907930000
      }
    },
    {
      "type": "Feature",
      "id": 5080,
      "geometry": {
        "type": "LineString",
        "coordinates": [
          [
            -97.07655584729913,
            32.74806121379788
          ],
          [
            -97.07654254491908,
            32.74833529164109
          ],
          [
            -97.07653975828683,
            32.748354245824316
          ],
          [
            -97.0765390110497,
            32.74835933074002
          ],
          [
            -97.07649819824915,
            32.74920364925079
          ],
          [
            -97.07649816566519,
            32.74920435010379
          ],
          [
            -97.0764955016769,
            32.749280794959546
          ],
          [
            -97.07649011769551,
            32.74935040496967
          ],
          [
            -97.07648185571782,
            32.749419871539416
          ],
          [
            -97.07647073405681,
            32.7494890505742
          ],
          [
            -97.07645675398933,
            32.74955786204444
          ],
          [
            -97.07643994624522,
            32.74962621949351
          ],
          [
            -97.07642032423276,
            32.74969403513864
          ],
          [
            -97.07639791048035,
            32.74976123483005
          ],
          [
            -97.07637274233367,
            32.749827735568374
          ],
          [
            -97.07635847716008,
            32.7498613268787
          ],
          [
            -97.07633407402828,
            32.749943343388814
          ]
        ]
      },
      "properties": {
        "OBJECTID": 5080,
        "fullname": "MAGIC MILE ST",
        "LifecycleStatus": "Active",
        "Ownership": "City",
        "last_edited_date": 1624907932000
      }
    },
    {
      "type": "Feature",
      "id": 5082,
      "geometry": {
        "type": "LineString",
        "coordinates": [
          [
            -97.07954559649471,
            32.747990229834635
          ],
          [
            -97.07948932625888,
            32.74800020216232
          ],
          [
            -97.07939720507804,
            32.74804606278167
          ],
          [
            -97.07932131274843,
            32.748112176049155
          ],
          [
            -97.07853161800351,
            32.749085824026686
          ]
        ]
      },
      "properties": {
        "OBJECTID": 5082,
        "fullname": "CHAPMAN CUTOFF",
        "LifecycleStatus": "Active",
        "Ownership": "City",
        "last_edited_date": 1624907940000
      }
    },
    {
      "type": "Feature",
      "id": 5083,
      "geometry": {
        "type": "LineString",
        "coordinates": [
          [
            -97.07923943686905,
            32.745423083600244
          ],
          [
            -97.07919784485112,
            32.74544357734301
          ],
          [
            -97.07913557005338,
            32.74547174205083
          ],
          [
            -97.0790782691503,
            32.74549561305223
          ],
          [
            -97.07901698288616,
            32.74551893791483
          ],
          [
            -97.07895477193105,
            32.74554044048773
          ],
          [
            -97.07889177579538,
            32.74556007276009
          ],
          [
            -97.07882467012314,
            32.7455786659275
          ],
          [
            -97.07876333261198,
            32.74559376814792
          ],
          [
            -97.07869817781575,
            32.74560774215788
          ],
          [
            -97.07863249484215,
            32.74561979243255
          ],
          [
            -97.07856634942955,
            32.74562989604801
          ],
          [
            -97.07849982721501,
            32.74563803707212
          ],
          [
            -97.07843300821177,
            32.74564421754679
          ],
          [
            -97.07836597405574,
            32.74564842149442
          ],
          [
            -97.07829834437044,
            32.745650660347394
          ],
          [
            -97.0737265295363,
            32.745630171034044
          ],
          [
            -97.073725505065,
            32.74563016717069
          ],
          [
            -97.07343190841539,
            32.74563405607679
          ]
        ]
      },
      "properties": {
        "OBJECTID": 5083,
        "fullname": "EXCHANGE DR",
        "LifecycleStatus": "Active",
        "Ownership": "City",
        "last_edited_date": 1624907942000
      }
    },
    {
      "type": "Feature",
      "id": 5084,
      "geometry": {
        "type": "LineString",
        "coordinates": [
          [
            -97.08006137825448,
            32.744734922507035
          ],
          [
            -97.07975181878994,
            32.74504955540952
          ],
          [
            -97.07967147548673,
            32.74512797853436
          ],
          [
            -97.07962447997288,
            32.74516945985765
          ],
          [
            -97.07957632264139,
            32.74520909703334
          ],
          [
            -97.07952661763186,
            32.745247244155415
          ],
          [
            -97.07947264365743,
            32.74528572803399
          ],
          [
            -97.07942247000793,
            32.74531914268425
          ],
          [
            -97.07936825545501,
            32.74535273096966
          ],
          [
            -97.07931268877176,
            32.74538469727136
          ],
          [
            -97.07925584133565,
            32.7454149995631
          ],
          [
            -97.07923943686905,
            32.745423083600244
          ]
        ]
      },
      "properties": {
        "OBJECTID": 5084,
        "fullname": "EXCHANGE DR",
        "LifecycleStatus": "Active",
        "Ownership": "City",
        "last_edited_date": 1624993097000
      }
    },
    {
      "type": "Feature",
      "id": 5086,
      "geometry": {
        "type": "LineString",
        "coordinates": [
          [
            -97.08076980314384,
            32.74398659990275
          ],
          [
            -97.08074151247271,
            32.74402501454833
          ],
          [
            -97.08070241525596,
            32.74407417818151
          ],
          [
            -97.08066131711796,
            32.744122165652556
          ],
          [
            -97.08061834465595,
            32.744168818318094
          ],
          [
            -97.08006137825448,
            32.744734922507035
          ]
        ]
      },
      "properties": {
        "OBJECTID": 5086,
        "fullname": "EXCHANGE DR",
        "LifecycleStatus": "Active",
        "Ownership": "City",
        "last_edited_date": 1624907949000
      }
    },
    {
      "type": "Feature",
      "id": 5087,
      "geometry": {
        "type": "LineString",
        "coordinates": [
          [
            -97.07782052892765,
            32.74057108932105
          ],
          [
            -97.07749210444243,
            32.74104107381659
          ]
        ]
      },
      "properties": {
        "OBJECTID": 5087,
        "fullname": "CIRCLE DR",
        "LifecycleStatus": "Active",
        "Ownership": "City",
        "last_edited_date": 1624993100000
      }
    },
    {
      "type": "Feature",
      "id": 5088,
      "geometry": {
        "type": "LineString",
        "coordinates": [
          [
            -97.07782052892765,
            32.74057108932105
          ],
          [
            -97.0779319750386,
            32.740631226858405
          ],
          [
            -97.07796054203247,
            32.74063719732213
          ],
          [
            -97.07797582987969,
            32.7406397318187
          ],
          [
            -97.0779910745755,
            32.7406417957049
          ],
          [
            -97.07802387432602,
            32.74064476052353
          ],
          [
            -97.07805683592414,
            32.74064578246553
          ],
          [
            -97.07807155786954,
            32.740645587869025
          ],
          [
            -97.07810446881032,
            32.7406436927033
          ],
          [
            -97.07813643830802,
            32.74063994463085
          ],
          [
            -97.0781687146251,
            32.74063419671702
          ],
          [
            -97.07818293641411,
            32.74063099869959
          ],
          [
            -97.0782150087791,
            32.740622242862756
          ],
          [
            -97.07822882922196,
            32.74061778435496
          ],
          [
            -97.07825741709688,
            32.740607125100965
          ],
          [
            -97.07932890941484,
            32.740132819122564
          ]
        ]
      },
      "properties": {
        "OBJECTID": 5088,
        "fullname": "CIRCLE DR",
        "LifecycleStatus": "Active",
        "Ownership": "City",
        "last_edited_date": 1624907953000
      }
    },
    {
      "type": "Feature",
      "id": 5089,
      "geometry": {
        "type": "LineString",
        "coordinates": [
          [
            -97.07932890941484,
            32.740132819122564
          ],
          [
            -97.08155014415345,
            32.739149523363984
          ]
        ]
      },
      "properties": {
        "OBJECTID": 5089,
        "fullname": "CIRCLE DR",
        "LifecycleStatus": "Active",
        "Ownership": "City",
        "last_edited_date": 1624907955000
      }
    },
    {
      "type": "Feature",
      "id": 5090,
      "geometry": {
        "type": "LineString",
        "coordinates": [
          [
            -97.07759680033564,
            32.738753361632504
          ],
          [
            -97.07759477979312,
            32.74026848040583
          ],
          [
            -97.07759552743893,
            32.74028092953086
          ],
          [
            -97.07759891821104,
            32.74030866226965
          ],
          [
            -97.07760458640098,
            32.74033612231618
          ],
          [
            -97.07760787631457,
            32.740348253302756
          ],
          [
            -97.0776169111062,
            32.7403750653041
          ],
          [
            -97.07762789215772,
            32.74040071019737
          ],
          [
            -97.07764125945289,
            32.74042620088904
          ],
          [
            -97.07764791948192,
            32.74043729830732
          ],
          [
            -97.0776643601018,
            32.740461463425085
          ],
          [
            -97.07768228735837,
            32.74048400860557
          ],
          [
            -97.07770546320498,
            32.740509000492246
          ],
          [
            -97.07782052892765,
            32.74057108932105
          ]
        ]
      },
      "properties": {
        "OBJECTID": 5090,
        "fullname": "CIRCLE DR",
        "LifecycleStatus": "Active",
        "Ownership": "City",
        "last_edited_date": 1624907958000
      }
    },
    {
      "type": "Feature",
      "id": 5091,
      "geometry": {
        "type": "LineString",
        "coordinates": [
          [
            -97.07898051131511,
            32.73876845396179
          ],
          [
            -97.07767699638333,
            32.7387543267137
          ],
          [
            -97.07759680033564,
            32.738753361632504
          ]
        ]
      },
      "properties": {
        "OBJECTID": 5091,
        "fullname": "PARKVIEW DR",
        "LifecycleStatus": "Active",
        "Ownership": "City",
        "last_edited_date": 1624907960000
      }
    },
    {
      "type": "Feature",
      "id": 5092,
      "geometry": {
        "type": "LineString",
        "coordinates": [
          [
            -97.08099293913486,
            32.73825335903331
          ],
          [
            -97.08093718740581,
            32.73829045796452
          ],
          [
            -97.08058102578896,
            32.73852744836291
          ],
          [
            -97.0805505080187,
            32.73854907912046
          ],
          [
            -97.08054938901074,
            32.73854982055402
          ],
          [
            -97.08051700528449,
            32.73857118760867
          ],
          [
            -97.08051585617807,
            32.73857189262223
          ],
          [
            -97.08048261149241,
            32.73859229382285
          ],
          [
            -97.08048143760429,
            32.738592963604525
          ],
          [
            -97.08044736841961,
            32.73861237118243
          ],
          [
            -97.0804461657307,
            32.7386130068136
          ],
          [
            -97.08041131773513,
            32.7386313998699
          ],
          [
            -97.08041008763324,
            32.73863199798431
          ],
          [
            -97.08037450662312,
            32.73864934885699
          ],
          [
            -97.08037325172155,
            32.73864991286658
          ],
          [
            -97.0803369686247,
            32.73866620612507
          ],
          [
            -97.08033569164493,
            32.73866673267875
          ],
          [
            -97.08029875750256,
            32.738681946357886
          ],
          [
            -97.08029745981435,
            32.73868243321662
          ],
          [
            -97.08025992566783,
            32.738696545351296
          ],
          [
            -97.08025861262392,
            32.7386969914488
          ],
          [
            -97.08022051462794,
            32.73870999343246
          ],
          [
            -97.08021917680253,
            32.73871040429795
          ],
          [
            -97.08018057012586,
            32.73872226632123
          ],
          [
            -97.08017922227958,
            32.738722636486344
          ],
          [
            -97.08014014159922,
            32.73873335894484
          ],
          [
            -97.08013877837938,
            32.738733689475815
          ],
          [
            -97.08009927872006,
            32.73874325157761
          ],
          [
            -97.08009790016276,
            32.73874354022009
          ],
          [
            -97.08005803640513,
            32.73875193019053
          ],
          [
            -97.08005664916081,
            32.73875217814787
          ],
          [
            -97.08001646142499,
            32.73875938968073
          ],
          [
            -97.08001506149263,
            32.738759596907194
          ],
          [
            -97.0799745953777,
            32.738765614739826
          ],
          [
            -97.0799731934088,
            32.738765782484506
          ],
          [
            -97.07993250631868,
            32.73877060389038
          ],
          [
            -97.07993109705066,
            32.73877072758361
          ],
          [
            -97.07989023575603,
            32.73877434745995
          ],
          [
            -97.07988882180224,
            32.73877443051372
          ],
          [
            -97.07984783303765,
            32.738776846012215
          ],
          [
            -97.07984641178489,
            32.73877688501458
          ],
          [
            -97.0798053530986,
            32.73877808439152
          ],
          [
            -97.07980393512624,
            32.738778085100144
          ],
          [
            -97.07976266635741,
            32.738778074645516
          ],
          [
            -97.07976106651833,
            32.738778020289004
          ],
          [
            -97.07971221647595,
            32.73877637868814
          ],
          [
            -97.07898051131511,
            32.73876845396179
          ]
        ]
      },
      "properties": {
        "OBJECTID": 5092,
        "fullname": "PARKVIEW DR",
        "LifecycleStatus": "Active",
        "Ownership": "City",
        "last_edited_date": 1624907962000
      }
    },
    {
      "type": "Feature",
      "id": 5093,
      "geometry": {
        "type": "LineString",
        "coordinates": [
          [
            -97.07759824918551,
            32.73766723690076
          ],
          [
            -97.07759680033564,
            32.738753361632504
          ]
        ]
      },
      "properties": {
        "OBJECTID": 5093,
        "fullname": "CIRCLE DR",
        "LifecycleStatus": "Active",
        "Ownership": "City",
        "last_edited_date": 1624907964000
      }
    },
    {
      "type": "Feature",
      "id": 5094,
      "geometry": {
        "type": "LineString",
        "coordinates": [
          [
            -97.08157646379756,
            32.737040931013716
          ],
          [
            -97.08161777478963,
            32.73711255775146
          ],
          [
            -97.08164082180807,
            32.73716975762183
          ],
          [
            -97.08165026958069,
            32.737198244805434
          ],
          [
            -97.08166487684946,
            32.737253202968525
          ],
          [
            -97.08167501984222,
            32.73730947994507
          ],
          [
            -97.08168049611125,
            32.73736622113171
          ],
          [
            -97.08168126092181,
            32.73742255230442
          ],
          [
            -97.08167985662239,
            32.7374515909456
          ],
          [
            -97.08167725804608,
            32.737480573118326
          ],
          [
            -97.08166876763227,
            32.737536273320735
          ],
          [
            -97.08165404933968,
            32.737596724229455
          ],
          [
            -97.08163767956465,
            32.737647160998414
          ],
          [
            -97.08161544143856,
            32.737700716754496
          ],
          [
            -97.08158617388331,
            32.73775725987023
          ],
          [
            -97.0815577503384,
            32.73780372036523
          ],
          [
            -97.08152271737447,
            32.737852343260464
          ],
          [
            -97.08148375352522,
            32.737898783784075
          ],
          [
            -97.0814415048334,
            32.737942346952146
          ],
          [
            -97.08141786167043,
            32.73796427734434
          ],
          [
            -97.08137045676656,
            32.73800386965393
          ],
          [
            -97.08131936618298,
            32.73804095994865
          ],
          [
            -97.08118877096614,
            32.73812308428656
          ],
          [
            -97.08118788033133,
            32.738123642316026
          ],
          [
            -97.08104581631711,
            32.73821817423487
          ],
          [
            -97.08099293913486,
            32.73825335903331
          ]
        ]
      },
      "properties": {
        "OBJECTID": 5094,
        "fullname": "PARKVIEW DR",
        "LifecycleStatus": "Active",
        "Ownership": "City",
        "last_edited_date": 1624907967000
      }
    },
    {
      "type": "Feature",
      "id": 5095,
      "geometry": {
        "type": "LineString",
        "coordinates": [
          [
            -97.08155014415345,
            32.739149523363984
          ],
          [
            -97.0821916371577,
            32.73886553600523
          ],
          [
            -97.08265313934385,
            32.73866273036543
          ],
          [
            -97.08265379469579,
            32.73866245486792
          ],
          [
            -97.0826752117953,
            32.73865345237621
          ],
          [
            -97.08270894714997,
            32.738637128261374
          ],
          [
            -97.08272360361633,
            32.73862914785987
          ],
          [
            -97.0827553408629,
            32.73860980777328
          ],
          [
            -97.08276893281486,
            32.73860057624535
          ],
          [
            -97.08279773130957,
            32.73857881937275
          ],
          [
            -97.08281789004343,
            32.73856148813212
          ],
          [
            -97.08283612193439,
            32.73854428147739
          ],
          [
            -97.08286004353772,
            32.73851859984076
          ],
          [
            -97.08287009469417,
            32.738506561357624
          ],
          [
            -97.08289095029183,
            32.7384785798655
          ],
          [
            -97.08289945786764,
            32.73846571996416
          ],
          [
            -97.0829167334371,
            32.73843605281345
          ],
          [
            -97.08292360317922,
            32.73842251021452
          ],
          [
            -97.0829371202371,
            32.73839147554645
          ],
          [
            -97.08294227905198,
            32.73837740048549
          ],
          [
            -97.08295170929334,
            32.738345928023705
          ],
          [
            -97.08295851662989,
            32.73831398034559
          ],
          [
            -97.08296076722678,
            32.73829891949743
          ],
          [
            -97.08296278492949,
            32.73827922812745
          ],
          [
            -97.08300595341042,
            32.736953601392855
          ],
          [
            -97.08300663207633,
            32.73688617304769
          ]
        ]
      },
      "properties": {
        "OBJECTID": 5095,
        "fullname": "CIRCLE DR",
        "LifecycleStatus": "Active",
        "Ownership": "City",
        "last_edited_date": 1624907969000
      }
    },
    {
      "type": "Feature",
      "id": 6800,
      "geometry": {
        "type": "LineString",
        "coordinates": [
          [
            -97.09084204128534,
            32.75306680918853
          ],
          [
            -97.09059655061805,
            32.75306295518257
          ],
          [
            -97.09044503538377,
            32.753059930666005
          ],
          [
            -97.0904079250505,
            32.75305950987747
          ],
          [
            -97.08978629659562,
            32.75305376630043
          ]
        ]
      },
      "properties": {
        "OBJECTID": 6800,
        "fullname": "WOODBROOK ST",
        "LifecycleStatus": "Active",
        "Ownership": "City",
        "last_edited_date": 1624912743000
      }
    },
    {
      "type": "Feature",
      "id": 6801,
      "geometry": {
        "type": "LineString",
        "coordinates": [
          [
            -97.09108303029699,
            32.752073361985026
          ],
          [
            -97.0904915191953,
            32.752068670054946
          ],
          [
            -97.09044617654217,
            32.75206832503669
          ],
          [
            -97.09043149629859,
            32.75206821382038
          ],
          [
            -97.09031223768137,
            32.75206864274321
          ],
          [
            -97.08983590083169,
            32.75205121680682
          ],
          [
            -97.0898336994803,
            32.752051052041246
          ],
          [
            -97.08978651050303,
            32.75204751003365
          ],
          [
            -97.0897848429729,
            32.75204733441239
          ],
          [
            -97.08973780252944,
            32.75204242093329
          ],
          [
            -97.08973611181338,
            32.752042193189276
          ],
          [
            -97.08968929629533,
            32.75203588655805
          ],
          [
            -97.08968761572253,
            32.75203560819669
          ],
          [
            -97.08964112494039,
            32.752027924201755
          ],
          [
            -97.08963948374887,
            32.7520276023191
          ],
          [
            -97.08959329214613,
            32.752018554199275
          ],
          [
            -97.0895916318064,
            32.75201817798495
          ],
          [
            -97.08954587675697,
            32.7520077684266
          ],
          [
            -97.08954425848432,
            32.75200734759409
          ],
          [
            -97.08949893564827,
            32.75199559796851
          ],
          [
            -97.08949731418039,
            32.75199512636739
          ],
          [
            -97.08945252749481,
            32.75198204461864
          ],
          [
            -97.08945094275865,
            32.75198152833891
          ],
          [
            -97.08940672516047,
            32.7519671407708
          ],
          [
            -97.08940516913486,
            32.75196658084877
          ],
          [
            -97.08936153917473,
            32.751950895564036
          ],
          [
            -97.08935998004365,
            32.75195027923764
          ],
          [
            -97.08931704960787,
            32.75193330765296
          ],
          [
            -97.08931552976895,
            32.751932653441216
          ],
          [
            -97.08929043907806,
            32.75192181764455
          ],
          [
            -97.08906888972817,
            32.7518206808427
          ]
        ]
      },
      "properties": {
        "OBJECTID": 6801,
        "fullname": "CEDARLAND PLAZA DR",
        "LifecycleStatus": "Active",
        "Ownership": "City",
        "last_edited_date": 1624912746000
      }
    },
    {
      "type": "Feature",
      "id": 6802,
      "geometry": {
        "type": "LineString",
        "coordinates": [
          [
            -97.0904146776137,
            32.75191392390001
          ],
          [
            -97.08996422248514,
            32.75191949040746
          ],
          [
            -97.08947165751114,
            32.75177734732271
          ]
        ]
      },
      "properties": {
        "OBJECTID": 6802,
        "fullname": "ENCLAVE DR",
        "LifecycleStatus": "Active",
        "Ownership": "Private",
        "last_edited_date": 1624912748000
      }
    },
    {
      "type": "Feature",
      "id": 6803,
      "geometry": {
        "type": "LineString",
        "coordinates": [
          [
            -97.09109205952899,
            32.75057985903281
          ],
          [
            -97.09080140843453,
            32.750565838699096
          ],
          [
            -97.0906340558622,
            32.750463103746064
          ],
          [
            -97.0904597248986,
            32.750509088892585
          ],
          [
            -97.09007607390382,
            32.75062619995601
          ],
          [
            -97.08988308472313,
            32.75073417763668
          ],
          [
            -97.08979882210352,
            32.75083567162852
          ],
          [
            -97.08973455147984,
            32.751200976255845
          ],
          [
            -97.08947165751114,
            32.75177734732271
          ]
        ]
      },
      "properties": {
        "OBJECTID": 6803,
        "fullname": "ENCLAVE CIR",
        "LifecycleStatus": "Active",
        "Ownership": "Private",
        "last_edited_date": 1624912751000
      }
    },
    {
      "type": "Feature",
      "id": 6807,
      "geometry": {
        "type": "LineString",
        "coordinates": [
          [
            -97.09411388368964,
            32.73816912592367
          ],
          [
            -97.0940317156763,
            32.73816889545673
          ],
          [
            -97.09081665532344,
            32.73815992386653
          ]
        ]
      },
      "properties": {
        "OBJECTID": 6807,
        "fullname": "HARRISON AVE",
        "LifecycleStatus": "Active",
        "Ownership": "City",
        "last_edited_date": 1624912762000
      }
    },
    {
      "type": "Feature",
      "id": 6905,
      "geometry": {
        "type": "LineString",
        "coordinates": [
          [
            -97.08076980314384,
            32.74398659990275
          ],
          [
            -97.08061526434304,
            32.74391442862688
          ],
          [
            -97.08060429607316,
            32.74390993030013
          ],
          [
            -97.08060019072842,
            32.743907800035544
          ],
          [
            -97.08056841289323,
            32.743891317977926
          ],
          [
            -97.08049697603622,
            32.74385709925923
          ],
          [
            -97.08042417247641,
            32.74382501253597
          ],
          [
            -97.08035008041499,
            32.743795089138075
          ],
          [
            -97.08027479654497,
            32.74376737188047
          ],
          [
            -97.08019842318242,
            32.743741885604614
          ],
          [
            -97.08012082860535,
            32.74371860851118
          ],
          [
            -97.08003382932002,
            32.743695001840365
          ],
          [
            -97.07995924342664,
            32.743676200865316
          ],
          [
            -97.07988457720042,
            32.74365975513731
          ],
          [
            -97.07980929129546,
            32.74364552320907
          ],
          [
            -97.0797334627215,
            32.743633527379615
          ],
          [
            -97.07965717020055,
            32.74362376629279
          ],
          [
            -97.07958053077253,
            32.743616261578
          ],
          [
            -97.07950363231512,
            32.743611023257856
          ],
          [
            -97.07942655338763,
            32.743608060121446
          ],
          [
            -97.07934940686921,
            32.743607153620815
          ],
          [
            -97.0792722731135,
            32.743608950659244
          ],
          [
            -97.07919525974195,
            32.74361281099151
          ],
          [
            -97.07911844489693,
            32.74361893618368
          ],
          [
            -97.07904193399315,
            32.74362732405906
          ],
          [
            -97.07896581521494,
            32.74363796548008
          ],
          [
            -97.07889018346964,
            32.74365084800419
          ],
          [
            -97.07881501342847,
            32.74366597021526
          ],
          [
            -97.07877760590681,
            32.743674859124354
          ],
          [
            -97.07874946057832,
            32.743687481813915
          ],
          [
            -97.07873688074474,
            32.743689912896016
          ],
          [
            -97.07865624038625,
            32.743705505710956
          ],
          [
            -97.07865482121294,
            32.74370574314208
          ],
          [
            -97.07857612747345,
            32.743718898235876
          ],
          [
            -97.07857444832594,
            32.74371912592891
          ],
          [
            -97.07849524616476,
            32.743729957278184
          ],
          [
            -97.07849355308554,
            32.74373013858849
          ],
          [
            -97.07841395764487,
            32.74373862045202
          ],
          [
            -97.07841226269196,
            32.74373875213538
          ],
          [
            -97.07833237271211,
            32.74374488338691
          ],
          [
            -97.07833067188442,
            32.74374496539755
          ],
          [
            -97.07825056889325,
            32.74374873682261
          ],
          [
            -97.07824886756201,
            32.74374876696721
          ],
          [
            -97.07816811656349,
            32.74375018599064
          ],
          [
            -97.07816695738643,
            32.74375018175016
          ],
          [
            -97.07697121866252,
            32.74374715086846
          ],
          [
            -97.07696718004642,
            32.743746855483494
          ],
          [
            -97.07692145724255,
            32.74374352599199
          ],
          [
            -97.07691892474242,
            32.74374322868322
          ],
          [
            -97.07689850777443,
            32.743740822484305
          ],
          [
            -97.0768960023865,
            32.743740415002854
          ],
          [
            -97.07684798926354,
            32.74373258246205
          ],
          [
            -97.07684550039045,
            32.74373206017653
          ],
          [
            -97.07682549631502,
            32.74372786391415
          ],
          [
            -97.07682305976918,
            32.743727239636314
          ],
          [
            -97.07677709561544,
            32.74371541707765
          ],
          [
            -97.07677391054449,
            32.743714386265445
          ],
          [
            -97.07672984346404,
            32.743700143519206
          ],
          [
            -97.07672751231469,
            32.74369926904195
          ],
          [
            -97.07670866149346,
            32.74369220214405
          ],
          [
            -97.0767063774089,
            32.74369122110486
          ],
          [
            -97.07666323803245,
            32.74367270042806
          ],
          [
            -97.07666144941477,
            32.74367185132738
          ],
          [
            -97.07661877831593,
            32.74365158180378
          ],
          [
            -97.07661656956326,
            32.74365039531618
          ],
          [
            -97.07658983944286,
            32.743636052292956
          ],
          [
            -97.0765870987985,
            32.74363434337679
          ],
          [
            -97.0765623008939,
            32.74361888269937
          ],
          [
            -97.07656032319647,
            32.74361751284005
          ],
          [
            -97.07654743758978,
            32.74360856049004
          ],
          [
            -97.07654555064585,
            32.74360710486196
          ],
          [
            -97.0765332263786,
            32.74359758736035
          ],
          [
            -97.07652280221389,
            32.743589536910356
          ],
          [
            -97.07652100995277,
            32.7435880000679
          ],
          [
            -97.07650940763038,
            32.74357805115582
          ],
          [
            -97.07650780449134,
            32.743576533389614
          ],
          [
            -97.07648808186624,
            32.74355786594525
          ],
          [
            -97.07648574892514,
            32.74355527332541
          ],
          [
            -97.07644761882837,
            32.74351287579706
          ],
          [
            -97.07644621271835,
            32.74351113368442
          ],
          [
            -97.07643294551893,
            32.743494700209865
          ],
          [
            -97.07643161839373,
            32.74349285753797
          ],
          [
            -97.07640361357353,
            32.743453941166955
          ],
          [
            -97.07640204853399,
            32.74345137876029
          ],
          [
            -97.07637772411984,
            32.74341155415845
          ],
          [
            -97.07637667240385,
            32.74340959062917
          ],
          [
            -97.07636697570423,
            32.743391449483866
          ],
          [
            -97.07636604487564,
            32.74338943435251
          ],
          [
            -97.07634615265752,
            32.74334632573541
          ],
          [
            -97.07634534913245,
            32.74334427485857
          ],
          [
            -97.07633795882025,
            32.74332539125792
          ],
          [
            -97.07633728256192,
            32.74332330689006
          ],
          [
            -97.07632282941262,
            32.74327867885954
          ],
          [
            -97.07632228701779,
            32.743276565585724
          ],
          [
            -97.07631724055592,
            32.743257015494294
          ],
          [
            -97.07631684333703,
            32.743254999710025
          ],
          [
            -97.07625983000865,
            32.74296585513499
          ],
          [
            -97.076229094717,
            32.74281340232987
          ]
        ]
      },
      "properties": {
        "OBJECTID": 6905,
        "fullname": "MERIDIAN ST",
        "LifecycleStatus": "Active",
        "Ownership": "City",
        "last_edited_date": 1624913077000
      }
    },
    {
      "type": "Feature",
      "id": 7238,
      "geometry": {
        "type": "LineString",
        "coordinates": [
          [
            -97.09249623598059,
            32.75193503261849
          ],
          [
            -97.09248969028609,
            32.75132740827891
          ],
          [
            -97.09164526621413,
            32.750580546130315
          ],
          [
            -97.09109205952899,
            32.75057985903281
          ]
        ]
      },
      "properties": {
        "OBJECTID": 7238,
        "fullname": "ENCLAVE CIR",
        "LifecycleStatus": "Active",
        "Ownership": "Private",
        "last_edited_date": 1624914131000
      }
    },
    {
      "type": "Feature",
      "id": 7288,
      "geometry": {
        "type": "LineString",
        "coordinates": [
          [
            -97.07759824918551,
            32.73766723690076
          ],
          [
            -97.07767921971163,
            32.737667423948004
          ],
          [
            -97.08011701160648,
            32.73767700051689
          ],
          [
            -97.08015436003652,
            32.7376798972471
          ],
          [
            -97.08022126143486,
            32.737688116797266
          ],
          [
            -97.08028798072134,
            32.73770038488422
          ],
          [
            -97.08035352511828,
            32.737716557138675
          ],
          [
            -97.08041691743612,
            32.73773634844983
          ],
          [
            -97.08044958967716,
            32.73774822645365
          ],
          [
            -97.08051018246411,
            32.73777350536359
          ],
          [
            -97.08056915223816,
            32.7378026021605
          ],
          [
            -97.0806255773331,
            32.73783509595753
          ],
          [
            -97.08067918654933,
            32.73787084612169
          ],
          [
            -97.08072970807297,
            32.7379096669182
          ],
          [
            -97.08077690350237,
            32.737951368484715
          ],
          [
            -97.08082054917679,
            32.73799575661762
          ],
          [
            -97.08086042321816,
            32.73804260894956
          ],
          [
            -97.08089632522973,
            32.738091694339346
          ],
          [
            -97.08092809761689,
            32.738142774242725
          ],
          [
            -97.08094525154769,
            32.738175751855124
          ],
          [
            -97.08099293913486,
            32.73825335903331
          ]
        ]
      },
      "properties": {
        "OBJECTID": 7288,
        "fullname": "ORIOLE DR",
        "LifecycleStatus": "Active",
        "Ownership": "City",
        "last_edited_date": 1624914290000
      }
    },
    {
      "type": "Feature",
      "id": 7289,
      "geometry": {
        "type": "LineString",
        "coordinates": [
          [
            -97.07898051131511,
            32.73876845396179
          ],
          [
            -97.07898212482013,
            32.73883832673414
          ],
          [
            -97.0789843093815,
            32.739341559434
          ],
          [
            -97.07898431454589,
            32.739343153599314
          ],
          [
            -97.07898669113564,
            32.739383186749635
          ],
          [
            -97.07898676136902,
            32.73938438256857
          ],
          [
            -97.07899082721849,
            32.73942471800211
          ],
          [
            -97.07899094818629,
            32.73942591101899
          ],
          [
            -97.07899667057579,
            32.739466092902575
          ],
          [
            -97.07899684355766,
            32.739467286514106
          ],
          [
            -97.07900422973526,
            32.739507278854475
          ],
          [
            -97.07900444820712,
            32.739508463967006
          ],
          [
            -97.0790134803333,
            32.73954821470059
          ],
          [
            -97.07901374827827,
            32.739549392487135
          ],
          [
            -97.07902441116276,
            32.739588850708124
          ],
          [
            -97.07902472726524,
            32.7395900200262
          ],
          [
            -97.07903701896441,
            32.7396291406169
          ],
          [
            -97.07903738320641,
            32.73963030259366
          ],
          [
            -97.07905128314094,
            32.73966903796874
          ],
          [
            -97.07905169435122,
            32.73967018244438
          ],
          [
            -97.07906718199582,
            32.73970848163672
          ],
          [
            -97.07906764264335,
            32.7397096210406
          ],
          [
            -97.0790845817697,
            32.73974716119075
          ],
          [
            -97.07908514853469,
            32.739748421309336
          ],
          [
            -97.07914062500446,
            32.7398582359847
          ],
          [
            -97.07914095737365,
            32.739858889151286
          ],
          [
            -97.07916163440882,
            32.73989758699159
          ],
          [
            -97.07916221855238,
            32.73989867820235
          ],
          [
            -97.07918421882965,
            32.7399362953578
          ],
          [
            -97.079184848572,
            32.73993737130645
          ],
          [
            -97.07920839358857,
            32.73997432067207
          ],
          [
            -97.07920906501884,
            32.73997537567703
          ],
          [
            -97.07923412219131,
            32.74001160952977
          ],
          [
            -97.07923483532758,
            32.740012642463846
          ],
          [
            -97.07926130533436,
            32.74004803227426
          ],
          [
            -97.07926209815045,
            32.74004908753906
          ],
          [
            -97.0792888290383,
            32.74008209705763
          ],
          [
            -97.07932890941484,
            32.740132819122564
          ]
        ]
      },
      "properties": {
        "OBJECTID": 7289,
        "fullname": "BIRD DR",
        "LifecycleStatus": "Active",
        "Ownership": "City",
        "last_edited_date": 1624914293000
      }
    },
    {
      "type": "Feature",
      "id": 7290,
      "geometry": {
        "type": "LineString",
        "coordinates": [
          [
            -97.08099293913486,
            32.73825335903331
          ],
          [
            -97.0810241090652,
            32.738304082546506
          ],
          [
            -97.0815112983871,
            32.73908918721635
          ],
          [
            -97.08155014415345,
            32.739149523363984
          ]
        ]
      },
      "properties": {
        "OBJECTID": 7290,
        "fullname": "ORIOLE DR",
        "LifecycleStatus": "Active",
        "Ownership": "City",
        "last_edited_date": 1624914295000
      }
    },
    {
      "type": "Feature",
      "id": 9808,
      "geometry": {
        "type": "LineString",
        "coordinates": [
          [
            -97.09937013620439,
            32.74507728953964
          ],
          [
            -97.09933526566438,
            32.745071670127935
          ],
          [
            -97.09933297980017,
            32.745071629714545
          ],
          [
            -97.09933135412047,
            32.74507159899493
          ],
          [
            -97.09932972849414,
            32.74507156489381
          ],
          [
            -97.09932810292115,
            32.745071527411184
          ],
          [
            -97.09932647738371,
            32.74507148767413
          ],
          [
            -97.0993248505481,
            32.745071445667726
          ],
          [
            -97.09932322643338,
            32.745071400309854
          ],
          [
            -97.09932160103826,
            32.74507135155541
          ],
          [
            -97.09931997566089,
            32.745071301673775
          ],
          [
            -97.0993183503547,
            32.74507124728347
          ],
          [
            -97.09931672506625,
            32.74507119176591
          ],
          [
            -97.09931510116496,
            32.74507113288193
          ],
          [
            -97.09931347598325,
            32.74507107060133
          ],
          [
            -97.0993118521709,
            32.745071006081375
          ],
          [
            -97.0993102270603,
            32.74507093929211
          ],
          [
            -97.09930860333688,
            32.74507086913625
          ],
          [
            -97.09930697831523,
            32.74507079671106
          ],
          [
            -97.09930535468071,
            32.745070720919394
          ],
          [
            -97.09930373108178,
            32.74507064287333
          ],
          [
            -97.09930210751841,
            32.7450705625729
          ],
          [
            -97.09930048534217,
            32.745070478905994
          ],
          [
            -97.09929886188552,
            32.745070391842496
          ],
          [
            -97.09929723846444,
            32.74507030252463
          ],
          [
            -97.09929561641269,
            32.74507021096747
          ],
          [
            -97.09929399308055,
            32.74507011601374
          ],
          [
            -97.09929237111774,
            32.74507001882068
          ],
          [
            -97.09929074919052,
            32.745069919373236
          ],
          [
            -97.09928912731665,
            32.74506981654427
          ],
          [
            -97.09928750682992,
            32.74506971034884
          ],
          [
            -97.09928588504498,
            32.74506960188399
          ],
          [
            -97.09928426462939,
            32.74506949117979
          ],
          [
            -97.09928264293336,
            32.745069377079055
          ],
          [
            -97.09928102260672,
            32.74506926073899
          ],
          [
            -97.09927940233341,
            32.745069141017375
          ],
          [
            -97.09927778342946,
            32.74506901905645
          ],
          [
            -97.09927616322733,
            32.74506889482611
          ],
          [
            -97.09927454441231,
            32.74506876722929
          ],
          [
            -97.09927292565064,
            32.745068636250956
          ],
          [
            -97.09927130690677,
            32.745068504145394
          ],
          [
            -97.09926968823409,
            32.745068367531154
          ],
          [
            -97.09926807091291,
            32.745068229804765
          ],
          [
            -97.09926645231135,
            32.74506808868179
          ],
          [
            -97.09926483509693,
            32.74506794419232
          ],
          [
            -97.09926321791808,
            32.74506779744849
          ],
          [
            -97.0992616007748,
            32.74506764845031
          ],
          [
            -97.09925998501865,
            32.74506749608561
          ],
          [
            -97.09925836929808,
            32.74506734146653
          ],
          [
            -97.09925675363088,
            32.74506718346596
          ],
          [
            -97.09925513799925,
            32.74506702321106
          ],
          [
            -97.09925352373698,
            32.745066860716776
          ],
          [
            -97.09925190952806,
            32.74506669484099
          ],
          [
            -97.09925029535472,
            32.74506652671078
          ],
          [
            -97.09924868123476,
            32.745066355199086
          ],
          [
            -97.09924706850191,
            32.74506618032091
          ],
          [
            -97.09924545578687,
            32.74506600431552
          ],
          [
            -97.09924384312518,
            32.74506582492859
          ],
          [
            -97.09924223185064,
            32.74506564217518
          ],
          [
            -97.09924061927791,
            32.74506545715235
          ],
          [
            -97.0992390094083,
            32.7450652699053
          ],
          [
            -97.09923739824049,
            32.74506508038877
          ],
          [
            -97.09923578845982,
            32.745064887505755
          ],
          [
            -97.09923417873252,
            32.74506469124124
          ],
          [
            -97.0992325690408,
            32.74506449272237
          ],
          [
            -97.09923095938463,
            32.745064291949106
          ],
          [
            -97.0992293524494,
            32.745064087824396
          ],
          [
            -97.09922774423376,
            32.74506388030311
          ],
          [
            -97.09922613603591,
            32.74506367165465
          ],
          [
            -97.09922453055898,
            32.745063459654695
          ],
          [
            -97.09922292378386,
            32.74506324538537
          ],
          [
            -97.09922131706209,
            32.745063027734524
          ],
          [
            -97.09921971306123,
            32.745062806732186
          ],
          [
            -97.0992181077444,
            32.74506258458763
          ],
          [
            -97.09921650381472,
            32.74506235907658
          ],
          [
            -97.09921489993837,
            32.745062130183996
          ],
          [
            -97.09921329743142,
            32.74506189905211
          ],
          [
            -97.09921169362627,
            32.74506166565077
          ],
          [
            -97.09921009254202,
            32.74506142889799
          ],
          [
            -97.0992084901596,
            32.745061189875884
          ],
          [
            -97.0992068891643,
            32.7450609474872
          ],
          [
            -97.09920528953836,
            32.745060702859206
          ],
          [
            -97.099203689948,
            32.74506045597686
          ],
          [
            -97.09920209041101,
            32.74506020571295
          ],
          [
            -97.09920049224337,
            32.74505995320972
          ],
          [
            -97.0991988941291,
            32.745059697325026
          ],
          [
            -97.09919729736642,
            32.745059440328134
          ],
          [
            -97.09919569934108,
            32.7450591788075
          ],
          [
            -97.0991941040189,
            32.74505891506258
          ],
          [
            -97.0991925087323,
            32.74505864906328
          ],
          [
            -97.0991909134813,
            32.7450583808096
          ],
          [
            -97.09918931961744,
            32.745058109189486
          ],
          [
            -97.09918772580693,
            32.745057834187826
          ],
          [
            -97.09918613334798,
            32.745057558073974
          ],
          [
            -97.0991845409424,
            32.74505727857861
          ],
          [
            -97.09918294859021,
            32.74505699570169
          ],
          [
            -97.09918135760738,
            32.74505671058546
          ],
          [
            -97.0991797679939,
            32.745056423229926
          ],
          [
            -97.09917817843379,
            32.7450561324928
          ],
          [
            -97.09917658890927,
            32.7450558395014
          ],
          [
            -97.0991750007719,
            32.74505554314344
          ],
          [
            -97.09917341400389,
            32.74505524454617
          ],
          [
            -97.09917182727145,
            32.74505494369455
          ],
          [
            -97.0991702405746,
            32.745054640588535
          ],
          [
            -97.09916865528268,
            32.74505433298888
          ],
          [
            -97.09916707000855,
            32.74505402426204
          ],
          [
            -97.09916548745537,
            32.745053712183704
          ],
          [
            -97.09916390360397,
            32.74505339783598
          ],
          [
            -97.09916232112194,
            32.74505308124897
          ],
          [
            -97.09916074004485,
            32.74505276016827
          ],
          [
            -97.09915915898554,
            32.74505243796036
          ],
          [
            -97.09915757931341,
            32.74505211238595
          ],
          [
            -97.09915599967684,
            32.745051784557226
          ],
          [
            -97.09915442140964,
            32.7450514544891
          ],
          [
            -97.09915284319581,
            32.745051121039545
          ],
          [
            -97.09915126635134,
            32.745050785350564
          ],
          [
            -97.09914968956025,
            32.74505044628009
          ],
          [
            -97.09914811547227,
            32.7450501049853
          ],
          [
            -97.09914654008614,
            32.745049761421164
          ],
          [
            -97.09914496608712,
            32.74504941449053
          ],
          [
            -97.09914339345751,
            32.74504906532055
          ],
          [
            -97.09914182086345,
            32.74504871389619
          ],
          [
            -97.09914024965656,
            32.74504835910536
          ],
          [
            -97.09913867981899,
            32.74504800207518
          ],
          [
            -97.09913711001705,
            32.74504764279064
          ],
          [
            -97.09913554160225,
            32.7450472801396
          ],
          [
            -97.09913397324084,
            32.74504691410707
          ],
          [
            -97.09913240756475,
            32.74504654697739
          ],
          [
            -97.09913084060827,
            32.74504617645115
          ],
          [
            -97.09912927502116,
            32.74504580368554
          ],
          [
            -97.09912771082118,
            32.74504542755348
          ],
          [
            -97.09912614799057,
            32.74504504918209
          ],
          [
            -97.09912458519558,
            32.74504466855634
          ],
          [
            -97.09912302378773,
            32.74504428456409
          ],
          [
            -97.09912146241544,
            32.74504389831745
          ],
          [
            -97.09911990241253,
            32.74504350983151
          ],
          [
            -97.09911834379676,
            32.745043117979094
          ],
          [
            -97.09903836632068,
            32.74502295436267
          ],
          [
            -97.09903617387752,
            32.74502240429794
          ],
          [
            -97.09903461385757,
            32.74502201693812
          ],
          [
            -97.0990330524683,
            32.745021631817536
          ],
          [
            -97.09903149104346,
            32.74502124895132
          ],
          [
            -97.0990299268977,
            32.74502086943648
          ],
          [
            -97.09902836406795,
            32.745020491063855
          ],
          [
            -97.0990267984995,
            32.74502011716986
          ],
          [
            -97.09902523422926,
            32.74501974554516
          ],
          [
            -97.09902366727371,
            32.745019375017584
          ],
          [
            -97.099022100247,
            32.74501900899861
          ],
          [
            -97.09902053186876,
            32.74501864409178
          ],
          [
            -97.0990189620856,
            32.74501828367858
          ],
          [
            -97.09901739228465,
            32.7450179243926
          ],
          [
            -97.09901582243035,
            32.745017568488045
          ],
          [
            -97.09901424987297,
            32.74501721480774
          ],
          [
            -97.09901267726218,
            32.74501686450889
          ],
          [
            -97.09901110461585,
            32.745016516464446
          ],
          [
            -97.09900953060018,
            32.745016170659255
          ],
          [
            -97.09900795521517,
            32.745015827093304
          ],
          [
            -97.09900637977682,
            32.745015486908855
          ],
          [
            -97.09900480295131,
            32.745015150090865
          ],
          [
            -97.09900322610804,
            32.745014814400086
          ],
          [
            -97.09900164785986,
            32.745014483202915
          ],
          [
            -97.0990000695939,
            32.74501415313284
          ],
          [
            -97.09899848994081,
            32.745013826429286
          ],
          [
            -97.09899690891837,
            32.74501350196497
          ],
          [
            -97.09899532784257,
            32.745013180882125
          ],
          [
            -97.09899374673121,
            32.74501286205366
          ],
          [
            -97.0989921642505,
            32.74501254546446
          ],
          [
            -97.09899058038269,
            32.74501223224171
          ],
          [
            -97.0989889951455,
            32.74501192125824
          ],
          [
            -97.09898741118876,
            32.74501161367131
          ],
          [
            -97.0989858245289,
            32.745011308308605
          ],
          [
            -97.09898423916724,
            32.74501100521528
          ],
          [
            -97.09898265241844,
            32.745010705488404
          ],
          [
            -97.09898106430032,
            32.74501040800082
          ],
          [
            -97.09897947612882,
            32.74501011389469
          ],
          [
            -97.09897788660578,
            32.7450098209007
          ],
          [
            -97.09897629702937,
            32.74500953128822
          ],
          [
            -97.09897470606583,
            32.745009245042134
          ],
          [
            -97.09897311506674,
            32.74500896105047
          ],
          [
            -97.09897152268049,
            32.74500868042516
          ],
          [
            -97.09896993025869,
            32.745008402054225
          ],
          [
            -97.09896833780134,
            32.74500812593762
          ],
          [
            -97.09896674397463,
            32.74500785206024
          ],
          [
            -97.09896514876078,
            32.74500758154938
          ],
          [
            -97.09896355349356,
            32.74500731441999
          ],
          [
            -97.09896195820859,
            32.74500704841774
          ],
          [
            -97.09896036151868,
            32.745006786909116
          ],
          [
            -97.098958764811,
            32.74500652652767
          ],
          [
            -97.09895716804996,
            32.745006269527636
          ],
          [
            -97.09895556856799,
            32.74500601587911
          ],
          [
            -97.09895397038426,
            32.7450057644999
          ],
          [
            -97.09895237083117,
            32.745005515359956
          ],
          [
            -97.09895077124251,
            32.745005268474365
          ],
          [
            -97.09894917026672,
            32.74500502495521
          ],
          [
            -97.09894756923757,
            32.74500478481754
          ],
          [
            -97.09894596683905,
            32.745004546919134
          ],
          [
            -97.09894436573877,
            32.74500431129014
          ],
          [
            -97.09894276193535,
            32.745004077885376
          ],
          [
            -97.09894115941236,
            32.74500384787712
          ],
          [
            -97.09893955550221,
            32.74500362123534
          ],
          [
            -97.09893795022273,
            32.74500339683283
          ],
          [
            -97.09893634624146,
            32.74500317469965
          ],
          [
            -97.09893473953927,
            32.74500295591792
          ],
          [
            -97.09893313413531,
            32.74500273940552
          ],
          [
            -97.09893152736198,
            32.74500252513243
          ],
          [
            -97.09892992053528,
            32.74500231424082
          ],
          [
            -97.09892831365524,
            32.7450021067307
          ],
          [
            -97.09892670542365,
            32.74500190033271
          ],
          [
            -97.09892509712087,
            32.745001698443374
          ],
          [
            -97.09892348746654,
            32.74500149766614
          ],
          [
            -97.09892187909266,
            32.74500130028542
          ],
          [
            -97.09892026799785,
            32.74500110625614
          ],
          [
            -97.09891865820124,
            32.74500091449619
          ],
          [
            -97.09891704703529,
            32.74500072497555
          ],
          [
            -97.09891543581597,
            32.7450005388364
          ],
          [
            -97.09891382456105,
            32.74500035495153
          ],
          [
            -97.09891221191903,
            32.74500017443316
          ],
          [
            -97.09891059925921,
            32.74499999504191
          ],
          [
            -97.09890898652826,
            32.74499982015934
          ],
          [
            -97.09890737376172,
            32.744999647531074
          ],
          [
            -97.09890575962582,
            32.7449994771421
          ],
          [
            -97.09890414545438,
            32.744999309007454
          ],
          [
            -97.09890253121176,
            32.7449991453814
          ],
          [
            -97.09890091561759,
            32.74499898286751
          ],
          [
            -97.09889929997006,
            32.74499882373514
          ],
          [
            -97.09889768562073,
            32.74499866687211
          ],
          [
            -97.09889606855049,
            32.74499851336049
          ],
          [
            -97.09889445277844,
            32.74499836211822
          ],
          [
            -97.09889283561924,
            32.74499821424237
          ],
          [
            -97.09889121842448,
            32.744998068620845
          ],
          [
            -97.09888960119414,
            32.7449979252537
          ],
          [
            -97.09888798257667,
            32.74499778525297
          ],
          [
            -97.09888636525739,
            32.744997647521586
          ],
          [
            -97.0988847465332,
            32.74499751428383
          ],
          [
            -97.09888312779121,
            32.74499738217326
          ],
          [
            -97.09888150901364,
            32.74499725231695
          ],
          [
            -97.09887988884894,
            32.74499712582713
          ],
          [
            -97.09887826996464,
            32.74499700273383
          ],
          [
            -97.098876649711,
            32.7449968818798
          ],
          [
            -97.09887502942178,
            32.74499676328009
          ],
          [
            -97.0988734090792,
            32.7449966480619
          ],
          [
            -97.09887178870103,
            32.744996535097975
          ],
          [
            -97.09887016693573,
            32.744996425500545
          ],
          [
            -97.09886854513485,
            32.74499631815742
          ],
          [
            -97.09886692329837,
            32.74499621306863
          ],
          [
            -97.09886530140855,
            32.7449961113613
          ],
          [
            -97.09886368079916,
            32.7449960130505
          ],
          [
            -97.0988620575044,
            32.744995915836775
          ],
          [
            -97.09886043547226,
            32.74499582314679
          ],
          [
            -97.09885881208858,
            32.74499573156889
          ],
          [
            -97.09885718996748,
            32.74499564451463
          ],
          [
            -97.09885556649485,
            32.744995558572555
          ],
          [
            -97.09885394296883,
            32.74499547601192
          ],
          [
            -97.09885231940724,
            32.74499539570563
          ],
          [
            -97.09885069579228,
            32.74499531878084
          ],
          [
            -97.09884907212397,
            32.74499524523751
          ],
          [
            -97.09884744842007,
            32.74499517394847
          ],
          [
            -97.09884582334682,
            32.7449951048988
          ],
          [
            -97.09884419957176,
            32.744995038118404
          ],
          [
            -97.09884257440956,
            32.7449949747045
          ],
          [
            -97.09884095052777,
            32.74499491468712
          ],
          [
            -97.0988393252766,
            32.74499485690901
          ],
          [
            -97.09883769998989,
            32.74499480138525
          ],
          [
            -97.09883607464978,
            32.74499474924291
          ],
          [
            -97.09883444927412,
            32.74499469935496
          ],
          [
            -97.09883282384506,
            32.74499465284847
          ],
          [
            -97.09883119838044,
            32.74499460859626
          ],
          [
            -97.09882957286244,
            32.7449945677256
          ],
          [
            -97.09882794730888,
            32.74499452910924
          ],
          [
            -97.0988263217197,
            32.74499449274719
          ],
          [
            -97.09882469607719,
            32.74499445976662
          ],
          [
            -97.09882307039908,
            32.74499442904037
          ],
          [
            -97.0988214446676,
            32.744994401695635
          ],
          [
            -97.0987734444112,
            32.74499362611799
          ],
          [
            -97.09876080807946,
            32.744994506196264
          ],
          [
            -97.09863860351588,
            32.74500140682523
          ]
        ]
      },
      "properties": {
        "OBJECTID": 9808,
        "fullname": "PEACH ST",
        "LifecycleStatus": "Active",
        "Ownership": "City",
        "last_edited_date": 1624993558000
      }
    },
    {
      "type": "Feature",
      "id": 10819,
      "geometry": {
        "type": "LineString",
        "coordinates": [
          [
            -97.08108975288728,
            32.74847644090825
          ],
          [
            -97.08092042677605,
            32.74840663341306
          ],
          [
            -97.07987116136519,
            32.748029904954215
          ],
          [
            -97.07979031463509,
            32.74800079359789
          ],
          [
            -97.07972656544523,
            32.74798393028208
          ],
          [
            -97.07966154270628,
            32.74797654373366
          ],
          [
            -97.07954559649471,
            32.747990229834635
          ]
        ]
      },
      "properties": {
        "OBJECTID": 10819,
        "fullname": "CHAPMAN CUTOFF",
        "LifecycleStatus": "Active",
        "Ownership": "City",
        "last_edited_date": 1624926727000
      }
    },
    {
      "type": "Feature",
      "id": 10820,
      "geometry": {
        "type": "LineString",
        "coordinates": [
          [
            -97.08126543862505,
            32.74800960346106
          ],
          [
            -97.08108026469397,
            32.747916588710744
          ],
          [
            -97.08089865435255,
            32.74784502542426
          ],
          [
            -97.08070909159282,
            32.74779760056507
          ],
          [
            -97.080376120971,
            32.7477151032284
          ],
          [
            -97.08008638060161,
            32.74761695482912
          ],
          [
            -97.07982787097872,
            32.7475070556994
          ],
          [
            -97.07959146165838,
            32.747359069990154
          ]
        ]
      },
      "properties": {
        "OBJECTID": 10820,
        "fullname": "STADIUM OAKS CT",
        "LifecycleStatus": "Active",
        "Ownership": "Private",
        "last_edited_date": 1624926730000
      }
    },
    {
      "type": "Feature",
      "id": 10821,
      "geometry": {
        "type": "LineString",
        "coordinates": [
          [
            -97.08466866516942,
            32.7415031620785
          ],
          [
            -97.08465944306634,
            32.74162233985592
          ],
          [
            -97.0846580914584,
            32.7416298057102
          ],
          [
            -97.08465754023398,
            32.741632836575356
          ],
          [
            -97.08457758973302,
            32.74260670098769
          ],
          [
            -97.08456597337023,
            32.742729446679235
          ]
        ]
      },
      "properties": {
        "OBJECTID": 10821,
        "fullname": "MICHENER DR",
        "LifecycleStatus": "Active",
        "Ownership": "City",
        "last_edited_date": 1624926734000
      }
    },
    {
      "type": "Feature",
      "id": 10822,
      "geometry": {
        "type": "LineString",
        "coordinates": [
          [
            -97.08538809332521,
            32.738000676272
          ],
          [
            -97.08543698780778,
            32.738000929483206
          ],
          [
            -97.08554312406585,
            32.73538558954978
          ]
        ]
      },
      "properties": {
        "OBJECTID": 10822,
        "fullname": "FAIRVIEW ST",
        "LifecycleStatus": "Active",
        "Ownership": "City",
        "last_edited_date": 1624926737000
      }
    },
    {
      "type": "Feature",
      "id": 10824,
      "geometry": {
        "type": "LineString",
        "coordinates": [
          [
            -97.08090282763266,
            32.742080009344306
          ],
          [
            -97.08093062724346,
            32.74221030608171
          ],
          [
            -97.08105433950236,
            32.7428097650086
          ],
          [
            -97.08106094762998,
            32.742848685209495
          ],
          [
            -97.08106921680788,
            32.742909875333055
          ],
          [
            -97.08107492951757,
            32.742971017107365
          ],
          [
            -97.08107811352936,
            32.74303229235677
          ],
          [
            -97.08107876743166,
            32.74309362214936
          ],
          [
            -97.08107688840701,
            32.74315493204645
          ],
          [
            -97.08107247223212,
            32.743216152102676
          ],
          [
            -97.08106553613183,
            32.74327720585303
          ],
          [
            -97.08105607997425,
            32.743338017761694
          ],
          [
            -97.08104412100245,
            32.743398510236226
          ],
          [
            -97.08102966962859,
            32.74345861575251
          ],
          [
            -97.08101274572743,
            32.74351825900254
          ],
          [
            -97.08099457221375,
            32.74357370655837
          ],
          [
            -97.08097524717088,
            32.74361264637137
          ],
          [
            -97.08095649004903,
            32.743650439362376
          ],
          [
            -97.0809555472766,
            32.74365233611456
          ],
          [
            -97.0809314441214,
            32.74370861561055
          ],
          [
            -97.08090530098634,
            32.74376357646077
          ],
          [
            -97.0808769001628,
            32.743817735897245
          ],
          [
            -97.08084628686858,
            32.743871018900876
          ],
          [
            -97.08081349002852,
            32.74392336830422
          ],
          [
            -97.08077854932783,
            32.743974721425815
          ],
          [
            -97.08076980314384,
            32.74398659990275
          ]
        ]
      },
      "properties": {
        "OBJECTID": 10824,
        "fullname": "EXCHANGE DR",
        "LifecycleStatus": "Active",
        "Ownership": "City",
        "last_edited_date": 1624926744000
      }
    },
    {
      "type": "Feature",
      "id": 11259,
      "geometry": {
        "type": "LineString",
        "coordinates": [
          [
            -97.09243354934408,
            32.75001397298807
          ],
          [
            -97.09271987197168,
            32.75116434152848
          ],
          [
            -97.09271857315615,
            32.751246268638425
          ],
          [
            -97.09272283454057,
            32.75131534353396
          ],
          [
            -97.09272558538106,
            32.75140892840576
          ],
          [
            -97.09271682334978,
            32.75148413532238
          ]
        ]
      },
      "properties": {
        "OBJECTID": 11259,
        "fullname": "CEDARLAND PLAZA DR",
        "LifecycleStatus": "Active",
        "Ownership": "Private",
        "last_edited_date": 1624928571000
      }
    },
    {
      "type": "Feature",
      "id": 11866,
      "geometry": {
        "type": "LineString",
        "coordinates": [
          [
            -97.09727678837534,
            32.75315306368312
          ],
          [
            -97.09728552574602,
            32.75409686893933
          ]
        ]
      },
      "properties": {
        "OBJECTID": 11866,
        "fullname": "N COLLINS ST",
        "LifecycleStatus": "Active",
        "Ownership": "State",
        "last_edited_date": 1624931203000
      }
    },
    {
      "type": "Feature",
      "id": 11867,
      "geometry": {
        "type": "LineString",
        "coordinates": [
          [
            -97.09729069557885,
            32.75214321550559
          ],
          [
            -97.09727678837534,
            32.75315306368312
          ]
        ]
      },
      "properties": {
        "OBJECTID": 11867,
        "fullname": "N COLLINS ST",
        "LifecycleStatus": "Active",
        "Ownership": "State",
        "last_edited_date": 1624931206000
      }
    },
    {
      "type": "Feature",
      "id": 11898,
      "geometry": {
        "type": "LineString",
        "coordinates": [
          [
            -97.09730767887166,
            32.75148037152313
          ],
          [
            -97.09729069557885,
            32.75214321550559
          ]
        ]
      },
      "properties": {
        "OBJECTID": 11898,
        "fullname": "N COLLINS ST",
        "LifecycleStatus": "Active",
        "Ownership": "State",
        "last_edited_date": 1624931335000
      }
    },
    {
      "type": "Feature",
      "id": 11899,
      "geometry": {
        "type": "LineString",
        "coordinates": [
          [
            -97.09109528622638,
            32.750153472025616
          ],
          [
            -97.0905439560677,
            32.750219615121274
          ]
        ]
      },
      "properties": {
        "OBJECTID": 11899,
        "fullname": "E RANDOL MILL RD",
        "LifecycleStatus": "Active",
        "Ownership": "City",
        "last_edited_date": 1624931338000
      }
    },
    {
      "type": "Feature",
      "id": 11905,
      "geometry": {
        "type": "LineString",
        "coordinates": [
          [
            -97.1009217885689,
            32.750079096835705
          ],
          [
            -97.10083554656522,
            32.75007798073898
          ],
          [
            -97.10006436700428,
            32.75007929811256
          ],
          [
            -97.09969567051594,
            32.750071811786185
          ]
        ]
      },
      "properties": {
        "OBJECTID": 11905,
        "fullname": "E RANDOL MILL RD",
        "LifecycleStatus": "Active",
        "Ownership": "City",
        "last_edited_date": 1624931361000
      }
    },
    {
      "type": "Feature",
      "id": 11906,
      "geometry": {
        "type": "LineString",
        "coordinates": [
          [
            -97.09501009203478,
            32.7499203624709
          ],
          [
            -97.09421134572841,
            32.74994247803936
          ]
        ]
      },
      "properties": {
        "OBJECTID": 11906,
        "fullname": "E RANDOL MILL RD",
        "LifecycleStatus": "Active",
        "Ownership": "City",
        "last_edited_date": 1624993702000
      }
    },
    {
      "type": "Feature",
      "id": 11907,
      "geometry": {
        "type": "LineString",
        "coordinates": [
          [
            -97.09733137947319,
            32.74984470205388
          ],
          [
            -97.09656366328954,
            32.74983050611597
          ],
          [
            -97.09598285075985,
            32.74988797081162
          ],
          [
            -97.09527210107669,
            32.749921919943596
          ],
          [
            -97.09501009203478,
            32.7499203624709
          ]
        ]
      },
      "properties": {
        "OBJECTID": 11907,
        "fullname": "E RANDOL MILL RD",
        "LifecycleStatus": "Active",
        "Ownership": "City",
        "last_edited_date": 1624931369000
      }
    },
    {
      "type": "Feature",
      "id": 11908,
      "geometry": {
        "type": "LineString",
        "coordinates": [
          [
            -97.09733137947319,
            32.74984470205388
          ],
          [
            -97.09732424948587,
            32.7500197641917
          ],
          [
            -97.09730767887166,
            32.75148037152313
          ]
        ]
      },
      "properties": {
        "OBJECTID": 11908,
        "fullname": "N COLLINS ST",
        "LifecycleStatus": "Active",
        "Ownership": "State",
        "last_edited_date": 1624931373000
      }
    },
    {
      "type": "Feature",
      "id": 11909,
      "geometry": {
        "type": "LineString",
        "coordinates": [
          [
            -97.09969567051594,
            32.750071811786185
          ],
          [
            -97.09960496183461,
            32.750070789950556
          ],
          [
            -97.099396095469,
            32.75005843704326
          ],
          [
            -97.09910030693418,
            32.75005510402027
          ],
          [
            -97.09895838158361,
            32.75005017088532
          ],
          [
            -97.09874943644657,
            32.75004281588785
          ],
          [
            -97.0984716856284,
            32.75002135140252
          ],
          [
            -97.09820618590403,
            32.74997335763641
          ],
          [
            -97.09784077748571,
            32.74988256993866
          ],
          [
            -97.09745352939436,
            32.74984608029835
          ],
          [
            -97.09733137947319,
            32.74984470205388
          ]
        ]
      },
      "properties": {
        "OBJECTID": 11909,
        "fullname": "E RANDOL MILL RD",
        "LifecycleStatus": "Active",
        "Ownership": "City",
        "last_edited_date": 1624931377000
      }
    },
    {
      "type": "Feature",
      "id": 11911,
      "geometry": {
        "type": "LineString",
        "coordinates": [
          [
            -97.09733046819434,
            32.74800497912746
          ],
          [
            -97.09733137947319,
            32.74984470205388
          ]
        ]
      },
      "properties": {
        "OBJECTID": 11911,
        "fullname": "N COLLINS ST",
        "LifecycleStatus": "Active",
        "Ownership": "State",
        "last_edited_date": 1624931392000
      }
    },
    {
      "type": "Feature",
      "id": 11912,
      "geometry": {
        "type": "LineString",
        "coordinates": [
          [
            -97.0973403945728,
            32.74688080865771
          ],
          [
            -97.09733760824443,
            32.747234372425446
          ],
          [
            -97.09733497040459,
            32.74756874325308
          ],
          [
            -97.09733196614481,
            32.74795002770888
          ],
          [
            -97.09733046819434,
            32.74800497912746
          ]
        ]
      },
      "properties": {
        "OBJECTID": 11912,
        "fullname": "N COLLINS ST",
        "LifecycleStatus": "Active",
        "Ownership": "State",
        "last_edited_date": 1624931395000
      }
    },
    {
      "type": "Feature",
      "id": 11914,
      "geometry": {
        "type": "LineString",
        "coordinates": [
          [
            -97.09734731696966,
            32.74600221651866
          ],
          [
            -97.09734673503303,
            32.74607619702007
          ],
          [
            -97.0973403945728,
            32.74688080865771
          ]
        ]
      },
      "properties": {
        "OBJECTID": 11914,
        "fullname": "N COLLINS ST",
        "LifecycleStatus": "Active",
        "Ownership": "State",
        "last_edited_date": 1624931402000
      }
    },
    {
      "type": "Feature",
      "id": 11915,
      "geometry": {
        "type": "LineString",
        "coordinates": [
          [
            -97.09735241479893,
            32.745355525274434
          ],
          [
            -97.0973478192964,
            32.74593876250399
          ],
          [
            -97.09734731696966,
            32.74600221651866
          ]
        ]
      },
      "properties": {
        "OBJECTID": 11915,
        "fullname": "N COLLINS ST",
        "LifecycleStatus": "Active",
        "Ownership": "State",
        "last_edited_date": 1624931406000
      }
    },
    {
      "type": "Feature",
      "id": 11917,
      "geometry": {
        "type": "LineString",
        "coordinates": [
          [
            -97.09735571547189,
            32.74500832338197
          ],
          [
            -97.09735459554314,
            32.74507895178167
          ],
          [
            -97.09735241479893,
            32.745355525274434
          ]
        ]
      },
      "properties": {
        "OBJECTID": 11917,
        "fullname": "N COLLINS ST",
        "LifecycleStatus": "Active",
        "Ownership": "State",
        "last_edited_date": 1624931413000
      }
    },
    {
      "type": "Feature",
      "id": 11921,
      "geometry": {
        "type": "LineString",
        "coordinates": [
          [
            -97.09409275852332,
            32.73976092598124
          ],
          [
            -97.0921568324233,
            32.74024522256013
          ],
          [
            -97.09161391713448,
            32.74038170594399
          ],
          [
            -97.09098761373895,
            32.74054004055851
          ],
          [
            -97.09090753284032,
            32.74055903310681
          ],
          [
            -97.09080857395236,
            32.740579448522304
          ]
        ]
      },
      "properties": {
        "OBJECTID": 11921,
        "fullname": "E DIVISION ST",
        "LifecycleStatus": "Active",
        "Ownership": "State",
        "last_edited_date": 1624931428000
      }
    },
    {
      "type": "Feature",
      "id": 11926,
      "geometry": {
        "type": "LineString",
        "coordinates": [
          [
            -97.09740287104793,
            32.73896378305193
          ],
          [
            -97.09702857802216,
            32.739011858637404
          ],
          [
            -97.09613536358344,
            32.73922755749496
          ],
          [
            -97.09541699040152,
            32.73942744724288
          ],
          [
            -97.09409275852332,
            32.73976092598124
          ],
          [
            -97.09463497922351,
            32.73962350519001
          ]
        ]
      },
      "properties": {
        "OBJECTID": 11926,
        "fullname": "E DIVISION ST",
        "LifecycleStatus": "Active",
        "Ownership": "State",
        "last_edited_date": 1686606664000
      }
    },
    {
      "type": "Feature",
      "id": 11927,
      "geometry": {
        "type": "LineString",
        "coordinates": [
          [
            -97.09740287104793,
            32.73896378305193
          ],
          [
            -97.0974093578357,
            32.739014364726245
          ],
          [
            -97.09740832395823,
            32.74148957360613
          ],
          [
            -97.09739203591458,
            32.74155190928236
          ],
          [
            -97.09739155884049,
            32.74269266216607
          ],
          [
            -97.09739284351132,
            32.74277455985066
          ]
        ]
      },
      "properties": {
        "OBJECTID": 11927,
        "fullname": "N COLLINS ST",
        "LifecycleStatus": "Active",
        "Ownership": "State",
        "last_edited_date": 1624931458000
      }
    },
    {
      "type": "Feature",
      "id": 11931,
      "geometry": {
        "type": "LineString",
        "coordinates": [
          [
            -97.10063904559989,
            32.73881556813683
          ],
          [
            -97.10049742340506,
            32.73881132540824
          ],
          [
            -97.09956611313459,
            32.73878545159306
          ],
          [
            -97.0988605902096,
            32.738773467756374
          ],
          [
            -97.09870361582719,
            32.73877997188718
          ],
          [
            -97.09855619091523,
            32.73879045037512
          ],
          [
            -97.09845565883421,
            32.73879981714011
          ],
          [
            -97.09801629544903,
            32.73885374014013
          ],
          [
            -97.09763354597406,
            32.738912300274485
          ],
          [
            -97.09740287104793,
            32.73896378305193
          ]
        ]
      },
      "properties": {
        "OBJECTID": 11931,
        "fullname": "E DIVISION ST",
        "LifecycleStatus": "Active",
        "Ownership": "State",
        "last_edited_date": 1624931473000
      }
    },
    {
      "type": "Feature",
      "id": 11932,
      "geometry": {
        "type": "LineString",
        "coordinates": [
          [
            -97.0973203512186,
            32.73817803926123
          ],
          [
            -97.09731965919882,
            32.738215170435765
          ],
          [
            -97.09732144758415,
            32.73825614349846
          ],
          [
            -97.09737886147286,
            32.738776613169385
          ],
          [
            -97.09740287104793,
            32.73896378305193
          ]
        ]
      },
      "properties": {
        "OBJECTID": 11932,
        "fullname": "N COLLINS ST",
        "LifecycleStatus": "Active",
        "Ownership": "City",
        "last_edited_date": 1624931477000
      }
    },
    {
      "type": "Feature",
      "id": 12032,
      "geometry": {
        "type": "LineString",
        "coordinates": [
          [
            -97.08950052048318,
            32.75043795424623
          ],
          [
            -97.08934280912369,
            32.75043978238686
          ],
          [
            -97.08925836222821,
            32.750440445222594
          ],
          [
            -97.08915664722012,
            32.75044091201941
          ],
          [
            -97.08909136073959,
            32.75044341448686
          ],
          [
            -97.08899929035375,
            32.750440748300484
          ],
          [
            -97.08884352748818,
            32.75043875358835
          ],
          [
            -97.08853061597684,
            32.75044111974663
          ],
          [
            -97.08841625845497,
            32.750437848328424
          ]
        ]
      },
      "properties": {
        "OBJECTID": 12032,
        "fullname": "E RANDOL MILL RD",
        "LifecycleStatus": "Active",
        "Ownership": "City",
        "last_edited_date": 1624931972000
      }
    },
    {
      "type": "Feature",
      "id": 12033,
      "geometry": {
        "type": "LineString",
        "coordinates": [
          [
            -97.07962799489611,
            32.74971681385269
          ],
          [
            -97.07961071269922,
            32.749707835276176
          ],
          [
            -97.0796081065793,
            32.74970637486185
          ],
          [
            -97.07952923487042,
            32.74966213065094
          ],
          [
            -97.07952123399464,
            32.74965640010649
          ],
          [
            -97.07951750001743,
            32.74965372389548
          ],
          [
            -97.07853161800351,
            32.749085824026686
          ]
        ]
      },
      "properties": {
        "OBJECTID": 12033,
        "fullname": "E RANDOL MILL RD",
        "LifecycleStatus": "Active",
        "Ownership": "City",
        "last_edited_date": 1624931976000
      }
    },
    {
      "type": "Feature",
      "id": 12034,
      "geometry": {
        "type": "LineString",
        "coordinates": [
          [
            -97.07853161800351,
            32.749085824026686
          ],
          [
            -97.07730500620039,
            32.74837923725297
          ],
          [
            -97.07721602212231,
            32.748329152133444
          ],
          [
            -97.07712685478923,
            32.74828268259186
          ],
          [
            -97.07703582126788,
            32.748238871388615
          ],
          [
            -97.07694303413265,
            32.748197769412855
          ],
          [
            -97.07684860730902,
            32.74815942644211
          ],
          [
            -97.0767526519818,
            32.748123896732274
          ],
          [
            -97.07665529429633,
            32.74809121667286
          ],
          [
            -97.0765566363343,
            32.748061425760376
          ],
          [
            -97.07655584729913,
            32.74806121379788
          ]
        ]
      },
      "properties": {
        "OBJECTID": 12034,
        "fullname": "E RANDOL MILL RD",
        "LifecycleStatus": "Active",
        "Ownership": "City",
        "last_edited_date": 1624931980000
      }
    },
    {
      "type": "Feature",
      "id": 12035,
      "geometry": {
        "type": "LineString",
        "coordinates": [
          [
            -97.07655584729913,
            32.74806121379788
          ],
          [
            -97.0764568148381,
            32.748034565015836
          ],
          [
            -97.07635594409146,
            32.74801066167503
          ],
          [
            -97.07625414625413,
            32.74798975095586
          ],
          [
            -97.07615155172317,
            32.74797185351507
          ],
          [
            -97.07604827752105,
            32.747956992111575
          ],
          [
            -97.07594445537802,
            32.74794518741813
          ],
          [
            -97.07584020118101,
            32.74793644978018
          ],
          [
            -97.07573565608686,
            32.74793079434265
          ],
          [
            -97.07562995465472,
            32.7479281976597
          ],
          [
            -97.07345947716514,
            32.74791870808908
          ]
        ]
      },
      "properties": {
        "OBJECTID": 12035,
        "fullname": "E RANDOL MILL RD",
        "LifecycleStatus": "Active",
        "Ownership": "City",
        "last_edited_date": 1624931983000
      }
    },
    {
      "type": "Feature",
      "id": 12036,
      "geometry": {
        "type": "LineString",
        "coordinates": [
          [
            -97.075147836819,
            32.74298679466286
          ],
          [
            -97.07507783977276,
            32.74299801683155
          ],
          [
            -97.0750771243208,
            32.742998127004114
          ],
          [
            -97.07474531837322,
            32.74304917185235
          ],
          [
            -97.07474194606414,
            32.74304958638867
          ],
          [
            -97.07440823907312,
            32.743090810536074
          ],
          [
            -97.07440485096075,
            32.743091129055266
          ],
          [
            -97.07406963871095,
            32.74312248178422
          ],
          [
            -97.07406624288933,
            32.74312269874213
          ],
          [
            -97.07373024802581,
            32.74314412745293
          ],
          [
            -97.07372715534915,
            32.743144240779436
          ],
          [
            -97.07347844033136,
            32.74315340333358
          ],
          [
            -97.07341880060345,
            32.74315089251853
          ]
        ]
      },
      "properties": {
        "OBJECTID": 12036,
        "fullname": "E DIVISION ST",
        "LifecycleStatus": "Active",
        "Ownership": "State",
        "last_edited_date": 1624931987000
      }
    },
    {
      "type": "Feature",
      "id": 12037,
      "geometry": {
        "type": "LineString",
        "coordinates": [
          [
            -97.076229094717,
            32.74281340232987
          ],
          [
            -97.075147836819,
            32.74298679466286
          ]
        ]
      },
      "properties": {
        "OBJECTID": 12037,
        "fullname": "E DIVISION ST",
        "LifecycleStatus": "Active",
        "Ownership": "State",
        "last_edited_date": 1624931991000
      }
    },
    {
      "type": "Feature",
      "id": 12038,
      "geometry": {
        "type": "LineString",
        "coordinates": [
          [
            -97.08750216828261,
            32.74108914053828
          ],
          [
            -97.08466866516942,
            32.7415031620785
          ]
        ]
      },
      "properties": {
        "OBJECTID": 12038,
        "fullname": "E DIVISION ST",
        "LifecycleStatus": "Active",
        "Ownership": "State",
        "last_edited_date": 1624931998000
      }
    },
    {
      "type": "Feature",
      "id": 12297,
      "geometry": {
        "type": "LineString",
        "coordinates": [
          [
            -97.0905439560677,
            32.750219615121274
          ],
          [
            -97.09042743781578,
            32.75024060800778
          ],
          [
            -97.09030153685242,
            32.75027041978142
          ],
          [
            -97.09023161931658,
            32.75029152381168
          ],
          [
            -97.09016934138793,
            32.750316033426756
          ],
          [
            -97.0900282231082,
            32.750363930117146
          ],
          [
            -97.08985246068288,
            32.75040167513207
          ],
          [
            -97.08968773380496,
            32.75042253870554
          ],
          [
            -97.08950052048318,
            32.75043795424623
          ]
        ]
      },
      "properties": {
        "OBJECTID": 12297,
        "fullname": "E RANDOL MILL RD",
        "LifecycleStatus": "Active",
        "Ownership": "City",
        "last_edited_date": 1624933082000
      }
    },
    {
      "type": "Feature",
      "id": 12299,
      "geometry": {
        "type": "LineString",
        "coordinates": [
          [
            -97.09739284351132,
            32.74277455985066
          ],
          [
            -97.09739410971459,
            32.742855346866314
          ],
          [
            -97.09738222827171,
            32.7433389585291
          ],
          [
            -97.09737702202666,
            32.743666875574526
          ],
          [
            -97.09735571547189,
            32.74500832338197
          ]
        ]
      },
      "properties": {
        "OBJECTID": 12299,
        "fullname": "N COLLINS ST",
        "LifecycleStatus": "Active",
        "Ownership": "State",
        "last_edited_date": 1624933090000
      }
    },
    {
      "type": "Feature",
      "id": 12300,
      "geometry": {
        "type": "LineString",
        "coordinates": [
          [
            -97.09080857395236,
            32.740579448522304
          ],
          [
            -97.09070930719218,
            32.74059992801107
          ],
          [
            -97.09060078109063,
            32.74061984133421
          ],
          [
            -97.09036768928007,
            32.7406606785544
          ],
          [
            -97.08945101979549,
            32.740808368418875
          ],
          [
            -97.0891317222593,
            32.740853608218224
          ],
          [
            -97.08892633148845,
            32.74088100774693
          ],
          [
            -97.08808743570647,
            32.74100247186126
          ],
          [
            -97.08772845857983,
            32.741050789393064
          ],
          [
            -97.08751125335418,
            32.74108783118256
          ],
          [
            -97.08750216828261,
            32.74108914053828
          ]
        ]
      },
      "properties": {
        "OBJECTID": 12300,
        "fullname": "E DIVISION ST",
        "LifecycleStatus": "Active",
        "Ownership": "State",
        "last_edited_date": 1624933094000
      }
    },
    {
      "type": "Feature",
      "id": 12365,
      "geometry": {
        "type": "LineString",
        "coordinates": [
          [
            -97.09732631786534,
            32.736925604084185
          ],
          [
            -97.0973225603549,
            32.73708458075857
          ],
          [
            -97.09733092235419,
            32.737609494558356
          ],
          [
            -97.0973203512186,
            32.73817803926123
          ]
        ]
      },
      "properties": {
        "OBJECTID": 12365,
        "fullname": "N COLLINS ST",
        "LifecycleStatus": "Active",
        "Ownership": "City",
        "last_edited_date": 1624933401000
      }
    },
    {
      "type": "Feature",
      "id": 12887,
      "geometry": {
        "type": "LineString",
        "coordinates": [
          [
            -97.09243354934408,
            32.75001397298807
          ],
          [
            -97.09230709592063,
            32.75002896800056
          ],
          [
            -97.09173133871198,
            32.75008251305292
          ],
          [
            -97.09160059646283,
            32.75010344622932
          ],
          [
            -97.09109528622638,
            32.750153472025616
          ]
        ]
      },
      "properties": {
        "OBJECTID": 12887,
        "fullname": "E RANDOL MILL RD",
        "LifecycleStatus": "Active",
        "Ownership": "City",
        "last_edited_date": 1624981210000
      }
    },
    {
      "type": "Feature",
      "id": 12888,
      "geometry": {
        "type": "LineString",
        "coordinates": [
          [
            -97.09421134572841,
            32.74994247803936
          ],
          [
            -97.09412095910143,
            32.749927447134795
          ],
          [
            -97.09345430521655,
            32.74991651918289
          ],
          [
            -97.09342706677523,
            32.7499170463615
          ],
          [
            -97.09337369659839,
            32.749919653212224
          ],
          [
            -97.09332045219098,
            32.7499238364002
          ],
          [
            -97.09326741509366,
            32.74992958557464
          ],
          [
            -97.09321465341934,
            32.74993689586981
          ],
          [
            -97.09315478797197,
            32.74994360039253
          ],
          [
            -97.09298765679475,
            32.7499594536223
          ],
          [
            -97.09243354934408,
            32.75001397298807
          ]
        ]
      },
      "properties": {
        "OBJECTID": 12888,
        "fullname": "E RANDOL MILL RD",
        "LifecycleStatus": "Active",
        "Ownership": "City",
        "last_edited_date": 1624981212000
      }
    },
    {
      "type": "Feature",
      "id": 12905,
      "geometry": {
        "type": "LineString",
        "coordinates": [
          [
            -97.08103378588493,
            32.749989334665436
          ],
          [
            -97.08078303929062,
            32.74995220006159
          ],
          [
            -97.08055578939799,
            32.749937895360134
          ],
          [
            -97.08026613539778,
            32.74988393019907
          ],
          [
            -97.08010252567239,
            32.749858961638616
          ],
          [
            -97.07992551072654,
            32.7498176709457
          ],
          [
            -97.0797446728302,
            32.74975901198448
          ],
          [
            -97.07962799489611,
            32.74971681385269
          ]
        ]
      },
      "properties": {
        "OBJECTID": 12905,
        "fullname": "E RANDOL MILL RD",
        "LifecycleStatus": "Active",
        "Ownership": "City",
        "last_edited_date": 1624981240000
      }
    },
    {
      "type": "Feature",
      "id": 12906,
      "geometry": {
        "type": "LineString",
        "coordinates": [
          [
            -97.08108975288728,
            32.74847644090825
          ],
          [
            -97.08105320632171,
            32.74872422158301
          ],
          [
            -97.08104561034285,
            32.7488170991474
          ],
          [
            -97.08103615740805,
            32.74922887343093
          ],
          [
            -97.08103378588493,
            32.749989334665436
          ]
        ]
      },
      "properties": {
        "OBJECTID": 12906,
        "fullname": "STADIUM DR",
        "LifecycleStatus": "Active",
        "Ownership": "City",
        "last_edited_date": 1624981242000
      }
    },
    {
      "type": "Feature",
      "id": 12907,
      "geometry": {
        "type": "LineString",
        "coordinates": [
          [
            -97.08466866516942,
            32.7415031620785
          ],
          [
            -97.0839533077783,
            32.741607316590525
          ],
          [
            -97.08348716435435,
            32.74168639358245
          ]
        ]
      },
      "properties": {
        "OBJECTID": 12907,
        "fullname": "E DIVISION ST",
        "LifecycleStatus": "Active",
        "Ownership": "State",
        "last_edited_date": 1624981243000
      }
    },
    {
      "type": "Feature",
      "id": 12908,
      "geometry": {
        "type": "LineString",
        "coordinates": [
          [
            -97.08348716435435,
            32.74168639358245
          ],
          [
            -97.08351243826736,
            32.741842450700055
          ],
          [
            -97.08355494579433,
            32.74201506575835
          ],
          [
            -97.08365742892549,
            32.7424491480711
          ],
          [
            -97.08373690407582,
            32.74276986784571
          ]
        ]
      },
      "properties": {
        "OBJECTID": 12908,
        "fullname": "STADIUM DR",
        "LifecycleStatus": "Active",
        "Ownership": "City",
        "last_edited_date": 1624981245000
      }
    },
    {
      "type": "Feature",
      "id": 12909,
      "geometry": {
        "type": "LineString",
        "coordinates": [
          [
            -97.08416624837407,
            32.74998430279957
          ],
          [
            -97.08103378588493,
            32.749989334665436
          ]
        ]
      },
      "properties": {
        "OBJECTID": 12909,
        "fullname": "E RANDOL MILL RD",
        "LifecycleStatus": "Active",
        "Ownership": "City",
        "last_edited_date": 1624981247000
      }
    },
    {
      "type": "Feature",
      "id": 12910,
      "geometry": {
        "type": "LineString",
        "coordinates": [
          [
            -97.08841625845497,
            32.750437848328424
          ],
          [
            -97.08753140387917,
            32.7504337171629
          ],
          [
            -97.08727455105092,
            32.75043474421266
          ],
          [
            -97.08715780254644,
            32.75043274995998
          ],
          [
            -97.08707269372907,
            32.75043057408537
          ],
          [
            -97.08696563155497,
            32.75042157490604
          ],
          [
            -97.08688606818124,
            32.7504148994657
          ],
          [
            -97.08678383707486,
            32.75040219639018
          ],
          [
            -97.08669529264563,
            32.75038772441444
          ],
          [
            -97.08659093916411,
            32.750365378314775
          ],
          [
            -97.08648667759458,
            32.75033726328378
          ],
          [
            -97.08634621626094,
            32.75029527117729
          ],
          [
            -97.08625339655933,
            32.75026343834582
          ],
          [
            -97.08609475898672,
            32.7502193159403
          ],
          [
            -97.08593088884462,
            32.75017882031374
          ],
          [
            -97.08580816658612,
            32.750143749644046
          ],
          [
            -97.08559736459276,
            32.750087683892644
          ],
          [
            -97.0854620415217,
            32.750061941682574
          ],
          [
            -97.08534648736052,
            32.750045894221955
          ],
          [
            -97.08521839924522,
            32.750034965447966
          ],
          [
            -97.08513934018815,
            32.75002530370612
          ],
          [
            -97.08506313217421,
            32.75002040820023
          ],
          [
            -97.08501072797539,
            32.750017797090386
          ],
          [
            -97.08495358737497,
            32.750013117429134
          ],
          [
            -97.08487493292408,
            32.750012222059055
          ],
          [
            -97.0847915420741,
            32.75000925810366
          ],
          [
            -97.08469623461735,
            32.75000615841824
          ],
          [
            -97.08416624837407,
            32.74998430279957
          ]
        ]
      },
      "properties": {
        "OBJECTID": 12910,
        "fullname": "E RANDOL MILL RD",
        "LifecycleStatus": "Active",
        "Ownership": "City",
        "last_edited_date": 1624981248000
      }
    },
    {
      "type": "Feature",
      "id": 12915,
      "geometry": {
        "type": "LineString",
        "coordinates": [
          [
            -97.08090282763266,
            32.742080009344306
          ],
          [
            -97.07854075807496,
            32.742458925705
          ],
          [
            -97.0785373425533,
            32.742443212772734
          ],
          [
            -97.076229094717,
            32.74281340232987
          ]
        ]
      },
      "properties": {
        "OBJECTID": 12915,
        "fullname": "E DIVISION ST",
        "LifecycleStatus": "Active",
        "Ownership": "State",
        "last_edited_date": 1624981256000
      }
    },
    {
      "type": "Feature",
      "id": 12916,
      "geometry": {
        "type": "LineString",
        "coordinates": [
          [
            -97.08348716435435,
            32.74168639358245
          ],
          [
            -97.08322329476972,
            32.74172168418736
          ],
          [
            -97.08306376853852,
            32.74174623952257
          ],
          [
            -97.08305162091358,
            32.74174911338474
          ],
          [
            -97.08206337907413,
            32.74190118328283
          ],
          [
            -97.08102249438882,
            32.74205455304811
          ],
          [
            -97.08090282763266,
            32.742080009344306
          ]
        ]
      },
      "properties": {
        "OBJECTID": 12916,
        "fullname": "E DIVISION ST",
        "LifecycleStatus": "Active",
        "Ownership": "State",
        "last_edited_date": 1624981258000
      }
    },
    {
      "type": "Feature",
      "id": 12917,
      "geometry": {
        "type": "LineString",
        "coordinates": [
          [
            -97.08373690407582,
            32.74276986784571
          ],
          [
            -97.08385022176283,
            32.743156901880816
          ],
          [
            -97.08387752266994,
            32.74326523212409
          ],
          [
            -97.08387769491848,
            32.74326747981268
          ],
          [
            -97.08388547549617,
            32.743368289050025
          ],
          [
            -97.08388555690631,
            32.74337054472271
          ],
          [
            -97.08388916878053,
            32.74347152066678
          ],
          [
            -97.08388915549452,
            32.743473775260576
          ],
          [
            -97.0838885901171,
            32.74357470023165
          ],
          [
            -97.08388849435089,
            32.74357685693175
          ],
          [
            -97.08388350695606,
            32.74368730404398
          ],
          [
            -97.08388337245316,
            32.74369030019527
          ],
          [
            -97.08388267866322,
            32.74369532488227
          ],
          [
            -97.08386981547282,
            32.74378828465314
          ],
          [
            -97.08386958157709,
            32.7437905705547
          ],
          [
            -97.08385671583548,
            32.74388352127585
          ],
          [
            -97.08385631487465,
            32.743885743268564
          ],
          [
            -97.08384634887275,
            32.74394100062965
          ]
        ]
      },
      "properties": {
        "OBJECTID": 12917,
        "fullname": "STADIUM DR",
        "LifecycleStatus": "Active",
        "Ownership": "City",
        "last_edited_date": 1624981260000
      }
    },
    {
      "type": "Feature",
      "id": 12918,
      "geometry": {
        "type": "LineString",
        "coordinates": [
          [
            -97.08384634887275,
            32.74394100062965
          ],
          [
            -97.08383962868248,
            32.74397826602764
          ],
          [
            -97.08383913309585,
            32.74398048243272
          ],
          [
            -97.08383615599094,
            32.74399383831826
          ],
          [
            -97.0838360570549,
            32.743999873143736
          ],
          [
            -97.08381176376378,
            32.74409117734867
          ],
          [
            -97.083811091379,
            32.74409335453602
          ],
          [
            -97.08378304822804,
            32.744183901258175
          ],
          [
            -97.08378227997285,
            32.74418606720671
          ],
          [
            -97.08375051178285,
            32.74427572144165
          ],
          [
            -97.08371420702444,
            32.74436651786674
          ],
          [
            -97.0836917314254,
            32.74445424756828
          ],
          [
            -97.0836644623698,
            32.74454400377717
          ],
          [
            -97.08362750741281,
            32.744633650740575
          ],
          [
            -97.08358394915362,
            32.74473231921797
          ],
          [
            -97.08353851251455,
            32.74481368027277
          ],
          [
            -97.08345762905354,
            32.74494181452416
          ],
          [
            -97.08338678079032,
            32.74504338832962
          ],
          [
            -97.0832833055712,
            32.745165067834414
          ],
          [
            -97.08318127942209,
            32.7452682365316
          ],
          [
            -97.08311345242447,
            32.74532499210532
          ]
        ]
      },
      "properties": {
        "OBJECTID": 12918,
        "fullname": "STADIUM DR",
        "LifecycleStatus": "Active",
        "Ownership": "City",
        "last_edited_date": 1624981261000
      }
    },
    {
      "type": "Feature",
      "id": 12919,
      "geometry": {
        "type": "LineString",
        "coordinates": [
          [
            -97.08103378588493,
            32.749989334665436
          ],
          [
            -97.08100984595613,
            32.750347935623246
          ],
          [
            -97.08103539283034,
            32.75113027873595
          ],
          [
            -97.08099821590352,
            32.75246298008219
          ]
        ]
      },
      "properties": {
        "OBJECTID": 12919,
        "fullname": "BALLPARK WAY",
        "LifecycleStatus": "Active",
        "Ownership": "City",
        "last_edited_date": 1624981263000
      }
    },
    {
      "type": "Feature",
      "id": 12920,
      "geometry": {
        "type": "LineString",
        "coordinates": [
          [
            -97.08099821590352,
            32.75246298008219
          ],
          [
            -97.08099736983272,
            32.752493289975426
          ],
          [
            -97.08099537230355,
            32.752583195408285
          ],
          [
            -97.08100004229063,
            32.75277703612118
          ],
          [
            -97.08098550188394,
            32.75408896796312
          ]
        ]
      },
      "properties": {
        "OBJECTID": 12920,
        "fullname": "BALLPARK WAY",
        "LifecycleStatus": "Active",
        "Ownership": "City",
        "last_edited_date": 1624981265000
      }
    },
    {
      "type": "Feature",
      "id": 12922,
      "geometry": {
        "type": "LineString",
        "coordinates": [
          [
            -97.08311345242447,
            32.74532499210532
          ],
          [
            -97.0830065789257,
            32.74544273194053
          ],
          [
            -97.08295137902806,
            32.745503532079276
          ],
          [
            -97.08287147247943,
            32.74559427651194
          ],
          [
            -97.08275519734312,
            32.74572263477448
          ],
          [
            -97.08262526524497,
            32.745866210060214
          ],
          [
            -97.08252456294979,
            32.746030823859144
          ],
          [
            -97.08241941480435,
            32.746176670238064
          ],
          [
            -97.08232078457976,
            32.74631056067423
          ],
          [
            -97.08223010483186,
            32.74644186758711
          ],
          [
            -97.082131774208,
            32.74655704690945
          ],
          [
            -97.08205064661678,
            32.746684452586365
          ],
          [
            -97.08197127147555,
            32.746801183946744
          ],
          [
            -97.08189837180059,
            32.746908631939164
          ],
          [
            -97.08182145543384,
            32.74706950534725
          ],
          [
            -97.08173207847335,
            32.74721820521948
          ],
          [
            -97.08158817992451,
            32.74741307000333
          ],
          [
            -97.08148768752874,
            32.74756431699764
          ],
          [
            -97.08140978596964,
            32.74768774901795
          ],
          [
            -97.08136225411228,
            32.747791476137955
          ],
          [
            -97.08131786461257,
            32.74789657504005
          ],
          [
            -97.08128336963046,
            32.74797638827612
          ],
          [
            -97.08126543862505,
            32.74800960346106
          ]
        ]
      },
      "properties": {
        "OBJECTID": 12922,
        "fullname": "STADIUM DR",
        "LifecycleStatus": "Active",
        "Ownership": "City",
        "last_edited_date": 1624981268000
      }
    },
    {
      "type": "Feature",
      "id": 12923,
      "geometry": {
        "type": "LineString",
        "coordinates": [
          [
            -97.08126543862505,
            32.74800960346106
          ],
          [
            -97.08120433527804,
            32.748170656975184
          ],
          [
            -97.08115975314014,
            32.74828778494419
          ],
          [
            -97.08108975288728,
            32.74847644090825
          ]
        ]
      },
      "properties": {
        "OBJECTID": 12923,
        "fullname": "STADIUM DR",
        "LifecycleStatus": "Active",
        "Ownership": "City",
        "last_edited_date": 1624981269000
      }
    },
    {
      "type": "Feature",
      "id": 12927,
      "geometry": {
        "type": "LineString",
        "coordinates": [
          [
            -97.08416624837407,
            32.74998430279957
          ],
          [
            -97.08417346227893,
            32.75094452260803
          ],
          [
            -97.08416303038773,
            32.75196585800733
          ],
          [
            -97.08416903064563,
            32.752034234936595
          ],
          [
            -97.08414607288307,
            32.752289443820885
          ],
          [
            -97.08397294191266,
            32.752629336078805
          ]
        ]
      },
      "properties": {
        "OBJECTID": 12927,
        "fullname": "NOLAN RYAN EWY",
        "LifecycleStatus": "Active",
        "Ownership": "City",
        "last_edited_date": 1688686630000
      }
    },
    {
      "type": "Feature",
      "id": 12951,
      "geometry": {
        "type": "LineString",
        "coordinates": [
          [
            -97.08396717850137,
            32.73904771039554
          ],
          [
            -97.0838382029135,
            32.7395849741357
          ],
          [
            -97.08362863389743,
            32.74031624215588
          ],
          [
            -97.08350430598662,
            32.740815293221274
          ],
          [
            -97.08346853550836,
            32.74106396281549
          ],
          [
            -97.08344964378074,
            32.741332007005745
          ],
          [
            -97.08348716435435,
            32.74168639358245
          ]
        ]
      },
      "properties": {
        "OBJECTID": 12951,
        "fullname": "STADIUM DR",
        "LifecycleStatus": "Active",
        "Ownership": "City",
        "last_edited_date": 1688686630000
      }
    },
    {
      "type": "Feature",
      "id": 12952,
      "geometry": {
        "type": "LineString",
        "coordinates": [
          [
            -97.08396717850137,
            32.73904771039554
          ],
          [
            -97.08396551784763,
            32.738052637173844
          ],
          [
            -97.08374560579428,
            32.736890856122486
          ]
        ]
      },
      "properties": {
        "OBJECTID": 12952,
        "fullname": "STADIUM DR",
        "LifecycleStatus": "Active",
        "Ownership": "City",
        "last_edited_date": 1688686630000
      }
    },
    {
      "type": "Feature",
      "id": 13550,
      "geometry": {
        "type": "LineString",
        "coordinates": [
          [
            -97.09739284351132,
            32.74277455985066
          ],
          [
            -97.0964493806703,
            32.74276988518551
          ],
          [
            -97.09477883263189,
            32.74276462699541
          ],
          [
            -97.09080348643387,
            32.742754367096346
          ]
        ]
      },
      "properties": {
        "OBJECTID": 13550,
        "fullname": "E SANFORD ST",
        "LifecycleStatus": "Active",
        "Ownership": "City",
        "last_edited_date": 1686606664000
      }
    },
    {
      "type": "Feature",
      "id": 13552,
      "geometry": {
        "type": "LineString",
        "coordinates": [
          [
            -97.09411388368964,
            32.73816912592367
          ],
          [
            -97.09411265926178,
            32.73826481238581
          ],
          [
            -97.09409525765474,
            32.739624758765835
          ],
          [
            -97.09409275852332,
            32.73976092598124
          ]
        ]
      },
      "properties": {
        "OBJECTID": 13552,
        "fullname": "BOB DUNCAN DR",
        "LifecycleStatus": "Active",
        "Ownership": "City",
        "last_edited_date": 1624982376000
      }
    },
    {
      "type": "Feature",
      "id": 13674,
      "geometry": {
        "type": "LineString",
        "coordinates": [
          [
            -97.07497816942309,
            32.75249783848199
          ],
          [
            -97.07479309053998,
            32.752502008616354
          ],
          [
            -97.07357152465141,
            32.7524959164013
          ],
          [
            -97.07225863038147,
            32.75249208905234
          ]
        ]
      },
      "properties": {
        "OBJECTID": 13674,
        "fullname": "E ROAD TO SIX FLAGS ST",
        "LifecycleStatus": "Active",
        "Ownership": "City",
        "last_edited_date": 1624982647000
      }
    },
    {
      "type": "Feature",
      "id": 14363,
      "geometry": {
        "type": "LineString",
        "coordinates": [
          [
            -97.08456597337023,
            32.742729446679235
          ],
          [
            -97.08398341761091,
            32.7427346500974
          ],
          [
            -97.08373690407582,
            32.74276986784571
          ]
        ]
      },
      "properties": {
        "OBJECTID": 14363,
        "fullname": "E SANFORD ST",
        "LifecycleStatus": "Active",
        "Ownership": "City",
        "last_edited_date": 1624984020000
      }
    },
    {
      "type": "Feature",
      "id": 14364,
      "geometry": {
        "type": "LineString",
        "coordinates": [
          [
            -97.08690344715042,
            32.7427469116982
          ],
          [
            -97.08464192174385,
            32.74273057080109
          ],
          [
            -97.08456597337023,
            32.742729446679235
          ]
        ]
      },
      "properties": {
        "OBJECTID": 14364,
        "fullname": "E SANFORD ST",
        "LifecycleStatus": "Active",
        "Ownership": "City",
        "last_edited_date": 1624984021000
      }
    },
    {
      "type": "Feature",
      "id": 14365,
      "geometry": {
        "type": "LineString",
        "coordinates": [
          [
            -97.09080348643387,
            32.742754367096346
          ],
          [
            -97.08731453179708,
            32.74274007848335
          ],
          [
            -97.08690344715042,
            32.7427469116982
          ]
        ]
      },
      "properties": {
        "OBJECTID": 14365,
        "fullname": "E SANFORD ST",
        "LifecycleStatus": "Active",
        "Ownership": "City",
        "last_edited_date": 1624984023000
      }
    },
    {
      "type": "Feature",
      "id": 14366,
      "geometry": {
        "type": "LineString",
        "coordinates": [
          [
            -97.08099821590352,
            32.75246298008219
          ],
          [
            -97.07576789277826,
            32.7524850751943
          ],
          [
            -97.07497816942309,
            32.75249783848199
          ]
        ]
      },
      "properties": {
        "OBJECTID": 14366,
        "fullname": "E ROAD TO SIX FLAGS ST",
        "LifecycleStatus": "Active",
        "Ownership": "City",
        "last_edited_date": 1624984025000
      }
    },
    {
      "type": "Feature",
      "id": 15327,
      "geometry": {
        "type": "LineString",
        "coordinates": [
          [
            -97.08397294191266,
            32.752629336078805
          ],
          [
            -97.08443597247724,
            32.75283403482312
          ],
          [
            -97.0845610569607,
            32.75293217407548
          ],
          [
            -97.08464010324701,
            32.75300145029954
          ],
          [
            -97.08515187392825,
            32.753451950802834
          ],
          [
            -97.08532887501474,
            32.75359089797755
          ],
          [
            -97.08539821024536,
            32.75364600374179
          ],
          [
            -97.08563940492067,
            32.753838438525264
          ],
          [
            -97.08581671537166,
            32.75401735269612
          ]
        ]
      },
      "properties": {
        "OBJECTID": 15327,
        "fullname": "NOLAN RYAN EWY",
        "LifecycleStatus": "Active",
        "Ownership": "City",
        "last_edited_date": 1688686630000
      }
    },
    {
      "type": "Feature",
      "id": 15770,
      "geometry": {
        "type": "LineString",
        "coordinates": [
          [
            -97.08099821590352,
            32.75246298008219
          ],
          [
            -97.08365968226612,
            32.752492977641445
          ],
          [
            -97.08397294191266,
            32.752629336078805
          ]
        ]
      },
      "properties": {
        "OBJECTID": 15770,
        "fullname": "E ROAD TO SIX FLAGS ST",
        "LifecycleStatus": "Active",
        "Ownership": "City",
        "last_edited_date": 1688686630000
      }
    },
    {
      "type": "Feature",
      "id": 15784,
      "geometry": {
        "type": "LineString",
        "coordinates": [
          [
            -97.09080857395236,
            32.740579448522304
          ],
          [
            -97.09080571426844,
            32.74067842752896
          ],
          [
            -97.09080693514042,
            32.74091329771523
          ],
          [
            -97.09082795874836,
            32.74137069884063
          ],
          [
            -97.09083280271997,
            32.74168927460041
          ],
          [
            -97.09081970265494,
            32.74184629410115
          ],
          [
            -97.09081555534878,
            32.74207387357435
          ],
          [
            -97.09080744860779,
            32.74236651048731
          ],
          [
            -97.09080644391608,
            32.7425680494749
          ],
          [
            -97.09080348643387,
            32.742754367096346
          ]
        ]
      },
      "properties": {
        "OBJECTID": 15784,
        "fullname": "AT&T WAY",
        "LifecycleStatus": "Active",
        "Ownership": "City",
        "last_edited_date": 1624988467000
      }
    },
    {
      "type": "Feature",
      "id": 15788,
      "geometry": {
        "type": "LineString",
        "coordinates": [
          [
            -97.09734731696966,
            32.74600221651866
          ],
          [
            -97.09690316769837,
            32.74599733243167
          ],
          [
            -97.09662765551688,
            32.74599069244429
          ],
          [
            -97.09634819176232,
            32.74596989141697
          ],
          [
            -97.0960940583794,
            32.745931731370035
          ],
          [
            -97.09585307599089,
            32.74586000759136
          ],
          [
            -97.09572841993385,
            32.74581466914563
          ],
          [
            -97.09551415557043,
            32.74574373243345
          ],
          [
            -97.09529766872959,
            32.74568369220053
          ],
          [
            -97.09502619573858,
            32.745612059656395
          ],
          [
            -97.09481382799207,
            32.74555376858759
          ],
          [
            -97.0945428285878,
            32.74552600069664
          ],
          [
            -97.09435499830924,
            32.745520348143124
          ],
          [
            -97.0941585378655,
            32.745532242183124
          ],
          [
            -97.09392444477135,
            32.74554724002925
          ],
          [
            -97.09366919572088,
            32.74557964369566
          ],
          [
            -97.0934762948572,
            32.74563039682635
          ],
          [
            -97.09326630202523,
            32.74570566144172
          ],
          [
            -97.09296355878185,
            32.745836340245475
          ],
          [
            -97.0927491665431,
            32.74592567001197
          ],
          [
            -97.09245911525728,
            32.74604590414569
          ],
          [
            -97.09222390142877,
            32.746131468572
          ],
          [
            -97.09198039223836,
            32.74621340879548
          ],
          [
            -97.09174991203754,
            32.74626373359641
          ],
          [
            -97.09150718580247,
            32.74629627472556
          ],
          [
            -97.09124386279171,
            32.7463109363426
          ],
          [
            -97.09090549767876,
            32.74631768828649
          ],
          [
            -97.08977004474704,
            32.74629069594082
          ],
          [
            -97.08967403850049,
            32.746288412826175
          ]
        ]
      },
      "properties": {
        "OBJECTID": 15788,
        "fullname": "COWBOYS WAY",
        "LifecycleStatus": "Active",
        "Ownership": "City",
        "last_edited_date": 1624988478000
      }
    },
    {
      "type": "Feature",
      "id": 15790,
      "geometry": {
        "type": "LineString",
        "coordinates": [
          [
            -97.08967403850049,
            32.746288412826175
          ],
          [
            -97.08571669784939,
            32.74624994776222
          ],
          [
            -97.08549568563241,
            32.74624743297269
          ],
          [
            -97.0852411062061,
            32.74624802947755
          ],
          [
            -97.08499620647217,
            32.74621356163634
          ],
          [
            -97.08472236617108,
            32.746136682382925
          ],
          [
            -97.0845669804237,
            32.74608758039499
          ],
          [
            -97.08417445992947,
            32.74593333764281
          ],
          [
            -97.08390447212157,
            32.745790499558446
          ],
          [
            -97.08338529208717,
            32.74551112047674
          ],
          [
            -97.08311345242447,
            32.74532499210532
          ]
        ]
      },
      "properties": {
        "OBJECTID": 15790,
        "fullname": "COWBOYS WAY",
        "LifecycleStatus": "Active",
        "Ownership": "City",
        "last_edited_date": 1624988481000
      }
    },
    {
      "type": "Feature",
      "id": 15930,
      "geometry": {
        "type": "LineString",
        "coordinates": [
          [
            -97.09080348643387,
            32.742754367096346
          ],
          [
            -97.09081185512662,
            32.744121397766726
          ],
          [
            -97.09081053862897,
            32.744143742001356
          ],
          [
            -97.09080897417606,
            32.74416607553331
          ],
          [
            -97.09080716180338,
            32.74418839610822
          ],
          [
            -97.09080510023074,
            32.744210700329454
          ],
          [
            -97.09080279079164,
            32.744232988212104
          ],
          [
            -97.09080023355756,
            32.74425525524753
          ],
          [
            -97.09079742851036,
            32.744277502562824
          ],
          [
            -97.09079437705518,
            32.74429972566449
          ],
          [
            -97.09079107787599,
            32.74432192341016
          ],
          [
            -97.0907875323243,
            32.744344094687776
          ],
          [
            -97.09078373911976,
            32.74436623610073
          ],
          [
            -97.0907797009298,
            32.74438834767919
          ],
          [
            -97.09077541649198,
            32.74441042489929
          ],
          [
            -97.09077088713994,
            32.744432467776306
          ],
          [
            -97.09076611159337,
            32.7444544729134
          ],
          [
            -97.09076109253756,
            32.744476439213734
          ],
          [
            -97.09075582865643,
            32.74449836553492
          ],
          [
            -97.09075032133727,
            32.74452024851057
          ],
          [
            -97.09074457193157,
            32.74454208702857
          ],
          [
            -97.09073857914116,
            32.744563878819484
          ],
          [
            -97.09073234300165,
            32.744585621628936
          ],
          [
            -97.09072586619837,
            32.74460731435992
          ],
          [
            -97.09071914876687,
            32.744628954758056
          ],
          [
            -97.0907121907428,
            32.744650540569026
          ],
          [
            -97.0907049921439,
            32.74467207066561
          ],
          [
            -97.09069755435742,
            32.74469354168129
          ],
          [
            -97.09068987871703,
            32.74471495363131
          ],
          [
            -97.09068196527622,
            32.74473630313398
          ],
          [
            -97.09067381405274,
            32.74475758906211
          ],
          [
            -97.09066542774974,
            32.74477880919167
          ],
          [
            -97.09065680373536,
            32.74479996123785
          ],
          [
            -97.09064794602864,
            32.74482104411894
          ],
          [
            -97.09063885466523,
            32.744842055580534
          ],
          [
            -97.09062952832909,
            32.74486299448021
          ],
          [
            -97.09061997107509,
            32.74488385748188
          ],
          [
            -97.09061018156933,
            32.74490464457028
          ],
          [
            -97.0906001611991,
            32.744925352379035
          ],
          [
            -97.09058990998221,
            32.7449459797809
          ],
          [
            -97.09057943062184,
            32.74496652455177
          ],
          [
            -97.09056872446952,
            32.744986985579466
          ],
          [
            -97.09055778889336,
            32.74500736057933
          ],
          [
            -97.09054662791249,
            32.74502764846959
          ],
          [
            -97.09053524291423,
            32.74504784588377
          ],
          [
            -97.09052363258256,
            32.74506795167951
          ],
          [
            -97.09051179960288,
            32.74508796475983
          ],
          [
            -97.09049974401081,
            32.745107882870386
          ],
          [
            -97.09048746715793,
            32.745127704898934
          ],
          [
            -97.09047497043159,
            32.745147427479125
          ],
          [
            -97.09046225516548,
            32.74516705062601
          ],
          [
            -97.09044932272904,
            32.74518657210033
          ],
          [
            -97.090436173158,
            32.74520598964756
          ],
          [
            -97.09042280780395,
            32.74522530215577
          ],
          [
            -97.09040922805423,
            32.74524450625836
          ],
          [
            -97.09039543522464,
            32.745263603097605
          ],
          [
            -97.09038143203634,
            32.745282589322215
          ],
          [
            -97.0903672171913,
            32.7453014626626
          ],
          [
            -97.09035279335697,
            32.74532022314901
          ],
          [
            -97.09033816058695,
            32.74533886739981
          ],
          [
            -97.0903233215488,
            32.74535739544514
          ],
          [
            -97.09030827762982,
            32.74537580391864
          ],
          [
            -97.09029302883003,
            32.745394092820234
          ],
          [
            -97.0902775765368,
            32.74541225878338
          ],
          [
            -97.09026192475145,
            32.74543030185344
          ],
          [
            -97.09024607217589,
            32.74544821976082
          ],
          [
            -97.0902300201618,
            32.74546601139354
          ],
          [
            -97.09021377143036,
            32.745483673400095
          ],
          [
            -97.09019732729742,
            32.74550120692285
          ],
          [
            -97.09018068781664,
            32.745518608580156
          ],
          [
            -97.0901638570072,
            32.745535877290145
          ],
          [
            -97.09014683357114,
            32.745553010783276
          ],
          [
            -97.09012756836327,
            32.745576902241964
          ],
          [
            -97.09010850538812,
            32.74560091098342
          ],
          [
            -97.09008964736701,
            32.74562503365653
          ],
          [
            -97.09007099430004,
            32.745649270261325
          ],
          [
            -97.09005254887282,
            32.745673619701044
          ],
          [
            -97.0900343097874,
            32.74569807970633
          ],
          [
            -97.09001627837776,
            32.745722650292315
          ],
          [
            -97.08999845734729,
            32.74574732923508
          ],
          [
            -97.08998084536236,
            32.745772116519554
          ],
          [
            -97.0899634437927,
            32.74579700990667
          ],
          [
            -97.08994625534176,
            32.74582200717238
          ],
          [
            -97.08992928000968,
            32.745847108316724
          ],
          [
            -97.0899125164807,
            32.74587231219766
          ],
          [
            -97.08989596879209,
            32.745897616606214
          ],
          [
            -97.08987963561022,
            32.74592302152729
          ],
          [
            -97.08986351963858,
            32.74594852473704
          ],
          [
            -97.08984761957936,
            32.74597412396594
          ],
          [
            -97.08983193808236,
            32.74599982037157
          ],
          [
            -97.08981647520139,
            32.746025610572524
          ],
          [
            -97.08980123095456,
            32.74605149344167
          ],
          [
            -97.08978620800957,
            32.74607746900938
          ],
          [
            -97.08977140508647,
            32.74610353387908
          ],
          [
            -97.08975682483512,
            32.746129689208296
          ],
          [
            -97.08974246730936,
            32.74615593161564
          ],
          [
            -97.0897283311935,
            32.746182259958786
          ],
          [
            -97.08971442048905,
            32.746208674283245
          ],
          [
            -97.08970073389817,
            32.74623517231967
          ],
          [
            -97.08968727412447,
            32.74626175184408
          ],
          [
            -97.08967403850049,
            32.746288412826175
          ]
        ]
      },
      "properties": {
        "OBJECTID": 15930,
        "fullname": "AT&T WAY",
        "LifecycleStatus": "Active",
        "Ownership": "City",
        "last_edited_date": 1624988730000
      }
    },
    {
      "type": "Feature",
      "id": 15931,
      "geometry": {
        "type": "LineString",
        "coordinates": [
          [
            -97.08967403850049,
            32.746288412826175
          ],
          [
            -97.08966492193002,
            32.74630779600828
          ],
          [
            -97.08965603360436,
            32.74632725505852
          ],
          [
            -97.08964737354154,
            32.74634678884979
          ],
          [
            -97.08963894448094,
            32.746366392903724
          ],
          [
            -97.08963074773855,
            32.74638606836269
          ],
          [
            -97.08962278071856,
            32.746405810687776
          ],
          [
            -97.0896150474404,
            32.746425618797275
          ],
          [
            -97.08960754792211,
            32.746445491564
          ],
          [
            -97.08960028219965,
            32.74646542673374
          ],
          [
            -97.0895932516607,
            32.74648542094014
          ],
          [
            -97.08958645632329,
            32.746505473056025
          ],
          [
            -97.0895798975393,
            32.74652558196946
          ],
          [
            -97.08957357667845,
            32.746545745441246
          ],
          [
            -97.08956749246084,
            32.74656596007479
          ],
          [
            -97.08956164622045,
            32.746586225885224
          ],
          [
            -97.08955603801111,
            32.74660653949117
          ],
          [
            -97.08955067053641,
            32.74662689866847
          ],
          [
            -97.08954554248062,
            32.74664730227495
          ],
          [
            -97.08954065387972,
            32.74666774805629
          ],
          [
            -97.08953600610347,
            32.74668823377324
          ],
          [
            -97.08953160052168,
            32.746708757186695
          ],
          [
            -97.08952743715238,
            32.74672931716952
          ],
          [
            -97.08952351471571,
            32.74674991032502
          ],
          [
            -97.08951983456346,
            32.7467705355413
          ],
          [
            -97.08951639804759,
            32.746791191706244
          ],
          [
            -97.08951320522196,
            32.74681187543844
          ],
          [
            -97.08951025478875,
            32.7468325844684
          ],
          [
            -97.08950754809987,
            32.74685331768415
          ],
          [
            -97.08950508654296,
            32.74687407171921
          ],
          [
            -97.08950286878445,
            32.74689484655858
          ],
          [
            -97.08950089487819,
            32.74691563882076
          ],
          [
            -97.0894991675278,
            32.74693644628167
          ],
          [
            -97.08949768410166,
            32.746957266656715
          ],
          [
            -97.08949644461785,
            32.74697809881871
          ],
          [
            -97.08949545176208,
            32.746998941670824
          ],
          [
            -97.08950052048318,
            32.75043795424623
          ]
        ]
      },
      "properties": {
        "OBJECTID": 15931,
        "fullname": "AT&T WAY",
        "LifecycleStatus": "Active",
        "Ownership": "City",
        "last_edited_date": 1624988732000
      }
    },
    {
      "type": "Feature",
      "id": 16010,
      "geometry": {
        "type": "LineString",
        "coordinates": [
          [
            -97.0881527080129,
            32.75271132924472
          ],
          [
            -97.08832510377945,
            32.752921943177704
          ],
          [
            -97.08833017255238,
            32.752927203555615
          ],
          [
            -97.08833505794449,
            32.75293258586173
          ],
          [
            -97.08833975465609,
            32.752938087781125
          ],
          [
            -97.08834425881092,
            32.752943701378264
          ],
          [
            -97.08834856775908,
            32.75294942549563
          ],
          [
            -97.08835267762439,
            32.75295525219767
          ],
          [
            -97.08835658312499,
            32.75296117804231
          ],
          [
            -97.08836028299866,
            32.75296719850578
          ],
          [
            -97.08836377335125,
            32.75297330677959
          ],
          [
            -97.08836705158664,
            32.752979498324834
          ],
          [
            -97.0883701137748,
            32.7529857685874
          ],
          [
            -97.08837295867141,
            32.75299211191633
          ],
          [
            -97.08837558369828,
            32.7529985226455
          ],
          [
            -97.0883779849433,
            32.75300499509366
          ],
          [
            -97.08838016249607,
            32.75301152362495
          ],
          [
            -97.08838211376039,
            32.753018103700455
          ],
          [
            -97.08838383615813,
            32.753024729654
          ],
          [
            -97.08838532848075,
            32.7530313935804
          ],
          [
            -97.0883865907641,
            32.7530380932252
          ],
          [
            -97.08838762179968,
            32.75304482068307
          ],
          [
            -97.08838832881364,
            32.75305766157774
          ],
          [
            -97.0883892734585,
            32.75307049276969
          ],
          [
            -97.08839045713998,
            32.753083309765366
          ],
          [
            -97.08839187857805,
            32.75309610916806
          ],
          [
            -97.08839353649269,
            32.753108887581234
          ],
          [
            -97.08839543090193,
            32.753121643877584
          ],
          [
            -97.08839756189545,
            32.75313437242132
          ],
          [
            -97.08839992817539,
            32.75314707094298
          ],
          [
            -97.08840253111153,
            32.753159737203326
          ],
          [
            -97.08840536808995,
            32.75317236779056
          ],
          [
            -97.08840843784856,
            32.75318495818085
          ],
          [
            -97.08841174173929,
            32.75319750726212
          ],
          [
            -97.08841527850002,
            32.753210010510536
          ],
          [
            -97.08841904548096,
            32.7532224667687
          ],
          [
            -97.08842304410574,
            32.753234870415795
          ],
          [
            -97.08842727174247,
            32.75324721916724
          ],
          [
            -97.08843172709322,
            32.753259510753495
          ],
          [
            -97.08843641154574,
            32.753271741808234
          ],
          [
            -97.08844132113428,
            32.75328391003159
          ],
          [
            -97.08844645593057,
            32.75329601091488
          ],
          [
            -97.08845181461875,
            32.75330804331578
          ],
          [
            -97.08852388996384,
            32.75344423529001
          ],
          [
            -97.08853067553599,
            32.75346008538366
          ],
          [
            -97.08853722384488,
            32.75347600606213
          ],
          [
            -97.0885435362601,
            32.75349199508626
          ],
          [
            -97.0885496101675,
            32.753508049044335
          ],
          [
            -97.08855544289919,
            32.753524167906015
          ],
          [
            -97.08856103721247,
            32.75354034606589
          ],
          [
            -97.08856638910551,
            32.75355658347847
          ],
          [
            -97.08857149998373,
            32.75357287565031
          ],
          [
            -97.08857636853108,
            32.75358922143916
          ],
          [
            -97.0885809921334,
            32.753605617433145
          ],
          [
            -97.08858537217819,
            32.753622060266
          ],
          [
            -97.08858950599752,
            32.75363854990746
          ],
          [
            -97.0885933950148,
            32.7536550807369
          ],
          [
            -97.08859703789597,
            32.75367165273908
          ],
          [
            -97.08860043471262,
            32.75368826140548
          ],
          [
            -97.08860358281467,
            32.753704905578594
          ],
          [
            -97.08860648358973,
            32.7537215818921
          ],
          [
            -97.08860913575745,
            32.753738286949336
          ],
          [
            -97.08861153933567,
            32.7537550196232
          ],
          [
            -97.08861369306199,
            32.75377177538989
          ],
          [
            -97.08861559827022,
            32.753788554264524
          ],
          [
            -97.08861725238198,
            32.75380535058101
          ],
          [
            -97.08861865806496,
            32.75382216436963
          ],
          [
            -97.08861981272288,
            32.753838991091435
          ],
          [
            -97.08862071639147,
            32.75385582849213
          ],
          [
            -97.08862137044031,
            32.753872674332484
          ],
          [
            -97.08862177223727,
            32.753889526327924
          ],
          [
            -97.08862192450384,
            32.75390638112718
          ],
          [
            -97.0886218259597,
            32.75392323533367
          ],
          [
            -97.08862147662265,
            32.7539400878202
          ],
          [
            -97.0886208765463,
            32.75395693520523
          ],
          [
            -97.08862002443244,
            32.75397377521935
          ],
          [
            -97.08860967439047,
            32.75500163296984
          ]
        ]
      },
      "properties": {
        "OBJECTID": 16010,
        "fullname": "PENNANT DR",
        "LifecycleStatus": "Active",
        "Ownership": "City",
        "last_edited_date": 1624988914000
      }
    },
    {
      "type": "Feature",
      "id": 16011,
      "geometry": {
        "type": "LineString",
        "coordinates": [
          [
            -97.0881527080129,
            32.75271132924472
          ],
          [
            -97.08813094143,
            32.752724931791576
          ],
          [
            -97.08810903204588,
            32.75273836924401
          ],
          [
            -97.08808698252838,
            32.75275164163221
          ],
          [
            -97.08806479422937,
            32.75276474784405
          ],
          [
            -97.08804246716683,
            32.752777686752324
          ],
          [
            -97.08802000669435,
            32.75279045729044
          ],
          [
            -97.08799741151395,
            32.75280305718879
          ],
          [
            -97.08797468427557,
            32.752815487604764
          ],
          [
            -97.08795182768294,
            32.7528277463143
          ],
          [
            -97.08792884306999,
            32.752839833332445
          ],
          [
            -97.08790573047268,
            32.7528517464048
          ],
          [
            -97.08788249524463,
            32.752863484464726
          ],
          [
            -97.08785913603407,
            32.75287504862418
          ],
          [
            -97.08783565689657,
            32.75288643554706
          ],
          [
            -97.08781205781432,
            32.75289764636044
          ],
          [
            -97.08778834150897,
            32.75290867771305
          ],
          [
            -97.08776451061253,
            32.7529195318895
          ],
          [
            -97.08774056517893,
            32.752930205508235
          ],
          [
            -97.08771650920994,
            32.752940698614594
          ],
          [
            -97.08769234405749,
            32.75295101009656
          ],
          [
            -97.08766807105562,
            32.75296113996912
          ],
          [
            -97.08764369157416,
            32.752971085993174
          ],
          [
            -97.0876192082631,
            32.752980849326036
          ],
          [
            -97.08759462382623,
            32.75299042774368
          ],
          [
            -97.08674364314349,
            32.75335976165477
          ],
          [
            -97.08671850615019,
            32.753371938974844
          ],
          [
            -97.0866934929453,
            32.7533843014587
          ],
          [
            -97.08666860891819,
            32.75339684578567
          ],
          [
            -97.08664385406873,
            32.7534095719558
          ],
          [
            -97.08661923106463,
            32.753422479999536
          ],
          [
            -97.08659474127562,
            32.75343556767769
          ],
          [
            -97.08657038738734,
            32.7534488338936
          ],
          [
            -97.08654616939971,
            32.75346227864732
          ],
          [
            -97.08652209133228,
            32.75347590085731
          ],
          [
            -97.0864981532209,
            32.7534896982692
          ],
          [
            -97.08647435906718,
            32.75350367092867
          ],
          [
            -97.08645070755512,
            32.75351781769344
          ],
          [
            -97.08642720405614,
            32.753532136369905
          ],
          [
            -97.08640384721829,
            32.75354662807015
          ],
          [
            -97.08638063976322,
            32.75356128944313
          ],
          [
            -97.08635758434069,
            32.75357612164642
          ],
          [
            -97.08633468100453,
            32.75359112129854
          ],
          [
            -97.08631193375635,
            32.75360628844519
          ],
          [
            -97.0862893426141,
            32.7536216219592
          ],
          [
            -97.08626691026348,
            32.75363712074387
          ],
          [
            -97.08624463674032,
            32.75365278254495
          ],
          [
            -97.08622252604634,
            32.75366860740793
          ],
          [
            -97.08620057819944,
            32.75368459420591
          ],
          [
            -97.08617879590331,
            32.75370074071491
          ],
          [
            -97.0861571791579,
            32.753717046934916
          ],
          [
            -97.08613573066692,
            32.753733510642135
          ],
          [
            -97.08611445311614,
            32.75375013073982
          ],
          [
            -97.08609334517159,
            32.75376690721285
          ],
          [
            -97.08607241222279,
            32.75378383674052
          ],
          [
            -97.0860516529358,
            32.75380091930774
          ],
          [
            -97.08603106999635,
            32.753818153817726
          ],
          [
            -97.08601066344042,
            32.753835538016304
          ],
          [
            -97.08599043726969,
            32.75385307194906
          ],
          [
            -97.08597039287193,
            32.7538707522497
          ],
          [
            -97.0859505288953,
            32.75388858003037
          ],
          [
            -97.08593085072933,
            32.75390655197032
          ],
          [
            -97.08591135570617,
            32.75392466803931
          ],
          [
            -97.08589204919744,
            32.753942926043734
          ],
          [
            -97.08587292988717,
            32.753961324841384
          ],
          [
            -97.0858540004612,
            32.75397986333556
          ],
          [
            -97.08583526093747,
            32.75399854039907
          ],
          [
            -97.08581671537166,
            32.75401735269612
          ]
        ]
      },
      "properties": {
        "OBJECTID": 16011,
        "fullname": "AT&T WAY",
        "LifecycleStatus": "Active",
        "Ownership": "City",
        "last_edited_date": 1624988916000
      }
    },
    {
      "type": "Feature",
      "id": 16012,
      "geometry": {
        "type": "LineString",
        "coordinates": [
          [
            -97.08906888972817,
            32.7518206808427
          ],
          [
            -97.08905104713904,
            32.75184452402953
          ],
          [
            -97.08903299684137,
            32.75186825662871
          ],
          [
            -97.08901473890678,
            32.751891874131445
          ],
          [
            -97.0889962746511,
            32.75191537767998
          ],
          [
            -97.08897760411007,
            32.75193876501987
          ],
          [
            -97.08895872996928,
            32.75196203505418
          ],
          [
            -97.08893965226447,
            32.75198518552839
          ],
          [
            -97.08892037366337,
            32.752008216472795
          ],
          [
            -97.08890089284988,
            32.75203112674494
          ],
          [
            -97.08888121119368,
            32.75205391410554
          ],
          [
            -97.08886133136244,
            32.75207657858482
          ],
          [
            -97.08884125340983,
            32.75209911680109
          ],
          [
            -97.08882097998567,
            32.75212152991182
          ],
          [
            -97.08880050845795,
            32.75214381563221
          ],
          [
            -97.08877984419797,
            32.75216597176842
          ],
          [
            -97.08875898585389,
            32.752187999432394
          ],
          [
            -97.0887379348133,
            32.75220989525767
          ],
          [
            -97.08871669241003,
            32.75223165925928
          ],
          [
            -97.08869526134762,
            32.75225328921307
          ],
          [
            -97.08867364031012,
            32.75227478397669
          ],
          [
            -97.08865183194727,
            32.75229614470746
          ],
          [
            -97.08862983633078,
            32.75231736689659
          ],
          [
            -97.08860765611045,
            32.75233845170147
          ],
          [
            -97.08858529265596,
            32.75235939688276
          ],
          [
            -97.0885627446334,
            32.752380202425265
          ],
          [
            -97.0885400160803,
            32.752400866120006
          ],
          [
            -97.08851710701454,
            32.75242138683966
          ],
          [
            -97.08849401878787,
            32.75244176347214
          ],
          [
            -97.0884707540681,
            32.75246199604764
          ],
          [
            -97.0884473115751,
            32.752482081169376
          ],
          [
            -97.08842369395873,
            32.75250201999475
          ],
          [
            -97.08839990123685,
            32.752521811396434
          ],
          [
            -97.08837593746499,
            32.752541452038386
          ],
          [
            -97.0883518012913,
            32.75256094303241
          ],
          [
            -97.08832749541942,
            32.752580282154426
          ],
          [
            -97.08830302118324,
            32.752599469419444
          ],
          [
            -97.08827837995254,
            32.75261850258819
          ],
          [
            -97.08825357172734,
            32.75263738166057
          ],
          [
            -97.08822859921125,
            32.75265610441252
          ],
          [
            -97.08820346373827,
            32.75267467085898
          ],
          [
            -97.08817816532627,
            32.7526930798727
          ],
          [
            -97.0881527080129,
            32.75271132924472
          ]
        ]
      },
      "properties": {
        "OBJECTID": 16012,
        "fullname": "AT&T WAY",
        "LifecycleStatus": "Active",
        "Ownership": "City",
        "last_edited_date": 1624988920000
      }
    },
    {
      "type": "Feature",
      "id": 16013,
      "geometry": {
        "type": "LineString",
        "coordinates": [
          [
            -97.08950052048318,
            32.75043795424623
          ],
          [
            -97.08949608148927,
            32.75060766794866
          ],
          [
            -97.08949576013725,
            32.75062940340178
          ],
          [
            -97.08949519203888,
            32.75065113492778
          ],
          [
            -97.08949437989749,
            32.75067286030256
          ],
          [
            -97.08949332239696,
            32.750694578383815
          ],
          [
            -97.08949201823907,
            32.75071628690204
          ],
          [
            -97.0894904701272,
            32.75073798363321
          ],
          [
            -97.08948867674518,
            32.75075966743497
          ],
          [
            -97.08948663946258,
            32.75078133606815
          ],
          [
            -97.08948435699902,
            32.75080298613606
          ],
          [
            -97.08948182935437,
            32.75082461763873
          ],
          [
            -97.08947905789809,
            32.750846228336876
          ],
          [
            -97.0894760426838,
            32.75086781484907
          ],
          [
            -97.08947278506304,
            32.75088937606322
          ],
          [
            -97.08946928240377,
            32.75091090969466
          ],
          [
            -97.08946553739142,
            32.75093241464653
          ],
          [
            -97.08946155006167,
            32.75095388866445
          ],
          [
            -97.08945731911626,
            32.75097532947888
          ],
          [
            -97.08945284725863,
            32.750996734865815
          ],
          [
            -97.08944813450651,
            32.751018103698016
          ],
          [
            -97.08944317957956,
            32.75103943257879
          ],
          [
            -97.08943798514538,
            32.751060721538444
          ],
          [
            -97.08943254992364,
            32.75108196718024
          ],
          [
            -97.0894268739321,
            32.75110316837704
          ],
          [
            -97.08942095989208,
            32.75112432177757
          ],
          [
            -97.0894148078034,
            32.75114542738178
          ],
          [
            -97.08940841636786,
            32.75116648292012
          ],
          [
            -97.08940178830679,
            32.75118748504136
          ],
          [
            -97.08939492362,
            32.75120843374546
          ],
          [
            -97.08938782102723,
            32.75122932563582
          ],
          [
            -97.08938048456574,
            32.75125015850333
          ],
          [
            -97.08937291290152,
            32.75127093233287
          ],
          [
            -97.08936510608815,
            32.75129164374296
          ],
          [
            -97.08935706682904,
            32.7513122905094
          ],
          [
            -97.08934879379018,
            32.75133287261708
          ],
          [
            -97.08934028969293,
            32.75135338671461
          ],
          [
            -97.08933155322114,
            32.75137383165979
          ],
          [
            -97.08932258709618,
            32.75139420410123
          ],
          [
            -97.0893133913,
            32.751414505166125
          ],
          [
            -97.08930396725592,
            32.75143472923362
          ],
          [
            -97.08929431361197,
            32.751454877415796
          ],
          [
            -97.08928443442342,
            32.751474946376455
          ],
          [
            -97.08927432837416,
            32.75149493497328
          ],
          [
            -97.08926399681587,
            32.75151484209415
          ],
          [
            -97.08925344115397,
            32.75153466324545
          ],
          [
            -97.08924266270425,
            32.751554399569514
          ],
          [
            -97.08923166152036,
            32.75157404768468
          ],
          [
            -97.08922043895397,
            32.75159360647893
          ],
          [
            -97.0892089950408,
            32.75161307369781
          ],
          [
            -97.0891973324664,
            32.75163244824443
          ],
          [
            -97.08918545261828,
            32.75165172675234
          ],
          [
            -97.08917335416247,
            32.751670909206354
          ],
          [
            -97.08916104113632,
            32.75168999339741
          ],
          [
            -97.08914851224166,
            32.75170897705608
          ],
          [
            -97.08913576883025,
            32.75172785907023
          ],
          [
            -97.08912281360551,
            32.751746637215675
          ],
          [
            -97.0891096465853,
            32.75176531036526
          ],
          [
            -97.08909627047309,
            32.75178387629484
          ],
          [
            -97.08908268395291,
            32.75180233386204
          ],
          [
            -97.08906888972817,
            32.7518206808427
          ]
        ]
      },
      "properties": {
        "OBJECTID": 16013,
        "fullname": "AT&T WAY",
        "LifecycleStatus": "Active",
        "Ownership": "City",
        "last_edited_date": 1624988922000
      }
    },
    {
      "type": "Feature",
      "id": 16756,
      "geometry": {
        "type": "LineString",
        "coordinates": [
          [
            -97.08418831362998,
            32.748742026598265
          ],
          [
            -97.08416624837407,
            32.74998430279957
          ]
        ]
      },
      "properties": {
        "OBJECTID": 16756,
        "fullname": "NOLAN RYAN EWY",
        "LifecycleStatus": "Active",
        "Ownership": "Private",
        "last_edited_date": 1624990759000
      }
    }
  ]
}
